ident,name,type,latitude_d,longitude_,elevation_,LLG_Name,District_Name,Prov_name,Surveyed,strip_type,takeoff_direction,season,width,length,slope,co_ords,elevation_pb,elevation_th,spl_hz,spl_side,spl2_hz,spl2_side,side_slp,clw_1,clw_2,clw_3,clw2_1,clw2_2,clw2_3,dist_obst,dist2_obst,dsc,dsc2,surf_cvr,soil_typ,soil_moist,surf_hdn,surf_rgh,surf_und,surf_com,wind_pr,wind_set,wind_cond,cone_1,cone_2,cone_no,cone_wt,cone_yl,oth_com
ABW,Abau Airport,closed,-10.1956,148.7389,10,Cloudy Bay Rural LLG,Abau District,Central Province,Yes,One Way,265,Wet,31,537,5.5,"S 04 Deg 55.161 Min, E 143 Deg 09.659 Min",2439 ft,2419 ft,yes,yes,,,yes,yes,yes,yes,,,,10 m,,Thick tree cover,,short grass,fine-grain soil (silt/clay),dry,medium,smooth,minor undulation,mostly covered in grass. However towards the end of line up the area is bare,yes,complying,adequate,yes,no,24,,,parking bay is soft and needs maintenance work on the drain
AFR,Afore Airstrip,small_airport,-9.142222222,148.3908333,2500,Afore Rural LLG,Ijivitari District,Northern (Oro) Province,Yes,One Way,300,Wet,34,555,3,,2000 ft,1000 ft,,,,,,,,,,,,,,,,,,,,,,,,,,,,,,,
PG-0001,Agali Airstrip,small_airport,-5.344377464,142.214241,2750,Lake Kopiago Rural LLG,Koroba/Kopiago District,Hela Province,Yes,,,,,,,,,,,,,,,,,,,,,,,,,,,,,,,,,,,,,,,,
AUP,Agaun Airport,small_airport,-9.930833,149.385667,3200,Daga Rural LLG,Alotau District,Milne Bay Province,Yes,,,,,,,,,,,,,,,,,,,,,,,,,,,,,,,,,,,,,,,,
PG-0002,Agotu Airstrip,small_airport,-6.5,145.2413889,5675,Mt. Michael Rural LLG,Lufa District,Eastern Highlands Province,Yes,,,,,,,,,,,,,,,,,,,,,,,,,,,,,,,,,,,,,,,,
AIH,Aiambak Airport,small_airport,-7.342777778,141.2675,90,Lake Murray Rural LLG,Middle Fly District,Western Province,Yes,,,,,,,,,,,,,,,,,,,,,,,,,,,,,,,,,,,,,,,,
AIE,Aiome Airport,small_airport,-5.145699978,144.7307003,350,Arabaka Rural LLG,Middle Ramu District,Madang Province,Yes,,,,,,,,,,,,,,,,,,,,,,,,,,,,,,,,,,,,,,,,
ATP,Aitape Airport,small_airport,-3.143611111,142.3468056,10,East Aitape Rural LLG,Aitape/Lumi District,West Sepik (Sandaun) Province,Yes,,,,,,,,,,,,,,,,,,,,,,,,,,,,,,,,,,,,,,,,
AYU,Aiyura Airport,small_airport,-6.338055556,145.9041667,5355,KamaNo No. 2 Rural LLG,Kainanatu District,Eastern Highlands Province,Yes,,,,,,,,,,,,,,,,,,,,,,,,,,,,,,,,,,,,,,,,
PG-0003,Akwom Airstrip,small_airport,-3.94,141.8327778,160,Namea Rural LLG,Telefomin District,West Sepik (Sandaun) Province,Yes,,,,,,,,,,,,,,,,,,,,,,,,,,,,,,,,,,,,,,,,
PG-0004,Ali Airstrip,small_airport,-7.916666667,142.3391667,80,Gogodala Rural LLG,Middle Fly District,Western Province,Yes,,,,,,,,,,,,,,,,,,,,,,,,,,,,,,,,,,,,,,,,
AMF,Ama Airport,small_airport,-4.101111111,141.67,145,Tunap/Hustein LLG,Ambunti/Drekikier District,East Sepik Province,Yes,,,,,,,,,,,,,,,,,,,,,,,,,,,,,,,,,,,,,,,,
AMU,Amanab Airport,small_airport,-3.586,141.2143333,1307,Amanab Rural LLG,Vanimo/Green River District,West Sepik (Sandaun) Province,Yes,,,,,,,,,,,,,,,,,,,,,,,,,,,,,,,,,,,,,,,,
AZB,Amazon Bay Airport,small_airport,-10.29916667,149.3383333,12,Amazon Bay Rural LLG,Abau District,Central Province,Yes,,,,,,,,,,,,,,,,,,,,,,,,,,,,,,,,,,,,,,,,
PG-0013,Ambaluwa Airstrip,small_airport,-5.720277778,144.9211111,6568,Kol Rural LLG,Jimi District,Jiwaka Province,Yes,,,,,,,,,,,,,,,,,,,,,,,,,,,,,,,,,,,,,,,,
PG-0012,Ambua Airstrip,small_airport,-5.962222222,143.0638889,6600,Hulia Rural LLG,Komo/Magarima District,Hela Province,Yes,,,,,,,,,,,,,,,,,,,,,,,,,,,,,,,,,,,,,,,,
AUJ,Ambunti Airport,small_airport,-4.215666667,142.8231667,50,Ambunti Rural LLG,Ambunti/Drekikier District,East Sepik Province,Yes,,,,,,,,,,,,,,,,,,,,,,,,,,,,,,,,,,,,,,,,
PG-0014,Anangalo Airstrip,small_airport,-4.6,143.8434722,70,Yuat Rural LLG,Angoram District,East Sepik Province,Yes,,,,,,,,,,,,,,,,,,,,,,,,,,,,,,,,,,,,,,,,
ADC,Andakombe Airport,small_airport,-7.137222222,145.7447222,3600,Yelia Rural LLG,Obura/Wonenara District,Eastern Highlands Province,Yes,,,,,,,,,,,,,,,,,,,,,,,,,,,,,,,,,,,,,,,,
PG-0015,Ande Airstrip,small_airport,-7.020833333,145.8222222,5400,Yelia Rural LLG,Obura/Wonenara District,Eastern Highlands Province,Yes,,,,,,,,,,,,,,,,,,,,,,,,,,,,,,,,,,,,,,,,
PG-0074,Angai Airstrip,small_airport,-7.4021,145.7899,2575,Kotidanga Rural LLG,Kerema District,Gulf Province,Yes,,,,,,,,,,,,,,,,,,,,,,,,,,,,,,,,,,,,,,,,
AGG,Angoram Airport,small_airport,-4.055833333,144.0738889,75,Angoram/Middle Sepik LLG,Angoram District,East Sepik Province,Yes,,,,,,,,,,,,,,,,,,,,,,,,,,,,,,,,,,,,,,,,
PG-AKG,Anguganak Airport,small_airport,-3.560504,142.217307,937,Yangkok Rural LLG,Nuku District,West Sepik (Sandaun) Province,Yes,,,,,,,,,,,,,,,,,,,,,,,,,,,,,,,,,,,,,,,,
AOB,Annanberg Airport,small_airport,-4.904166667,144.6358333,130,Arabaka Rural LLG,Middle Ramu District,Madang Province,Yes,,,,,,,,,,,,,,,,,,,,,,,,,,,,,,,,,,,,,,,,
PG-0046,Appa Airstrip,small_airport,-6.516759,144.706808,3800,Karimui Rural LLG,Karimui/Nomane District,Chimbu (Simbu) Province,Yes,,,,,,,,,,,,,,,,,,,,,,,,,,,,,,,,,,,,,,,,
APR,April River Airport,small_airport,-4.676666667,142.5401389,220,Tunap/Hustein LLG,Ambunti/Drekikier District,East Sepik Province,Yes,,,,,,,,,,,,,,,,,,,,,,,,,,,,,,,,,,,,,,,,
ARP,Aragip Airport,small_airport,-9.883333333,149.4833333,1750,Daga Rural LLG,Alotau District,Milne Bay Province,Yes,,,,,,,,,,,,,,,,,,,,,,,,,,,,,,,,,,,,,,,,
RAW,Arawa Airport,small_airport,-6.220555556,155.5713889,20,Arawa LLG,Central Bougainville District,AutoNomous Region of Bougainville,Yes,,,,,,,,,,,,,,,,,,,,,,,,,,,,,,,,,,,,,,,,
PG-0077,Arisili Airstrip,closed,-3.55,142.847,1350,Dreikikier Rural LLG,Ambunti/Drekikier District,East Sepik Province,Yes,,,,,,,,,,,,,,,,,,,,,,,,,,,,,,,,,,,,,,,,
PG-0047,Arkosame Airstrip,small_airport,-3.777177,142.622672,622,Mawase Rural LLG,Nuku District,West Sepik (Sandaun) Province,Yes,,,,,,,,,,,,,,,,,,,,,,,,,,,,,,,,,,,,,,,,
PG-0079,Aro Airstrip,small_airport,-7.991,147.24,2200,Waria Rural LLG,Bulolo District,Morobe Province,Yes,,,,,,,,,,,,,,,,,,,,,,,,,,,,,,,,,,,,,,,,
AOA,Aroa Airport,closed,-9.0254,146.8,20,Kairuku Rural LLG,Kairuku - Hiri District,Central Province,Yes,,,,,,,,,,,,,,,,,,,,,,,,,,,,,,,,,,,,,,,,
AYAU,Arou Airstrip,small_airport,-5.4951,142.5137,4830,Lake Kopiago Rural LLG,Koroba/Kopiago District,Hela Province,Yes,,,,,,,,,,,,,,,,,,,,,,,,,,,,,,,,,,,,,,,,
PG-0016,Arufi Airstrip,small_airport,-8.753888889,141.9113889,80,Morehead Rural LLG,South Fly District,Western Province,Yes,,,,,,,,,,,,,,,,,,,,,,,,,,,,,,,,,,,,,,,,
PG-0017,Asama Airstrip,small_airport,-8.023333333,147.2716667,1800,Kira Rural LLG,Sohe District,Northern (Oro) Province,Yes,,,,,,,,,,,,,,,,,,,,,,,,,,,,,,,,,,,,,,,,
APP,Asapa Airport,small_airport,-8.979166667,148.1036111,1930,Kokoda Rural LLG,Sohe District,Northern (Oro) Province,Yes,,,,,,,,,,,,,,,,,,,,,,,,,,,,,,,,,,,,,,,,
AEK,Aseki Airport,small_airport,-7.350804856,146.1938667,4106,Nanima Kariba LLG,Menyamya District,Morobe Province,Yes,,,,,,,,,,,,,,,,,,,,,,,,,,,,,,,,,,,,,,,,
PG-0018,Asimba Airstrip,small_airport,-8.605,147.5919444,1170,Kokoda Rural LLG,Sohe District,Northern (Oro) Province,Yes,,,,,,,,,,,,,,,,,,,,,,,,,,,,,,,,,,,,,,,,
PG-0056,Asinuwa Airstrip,small_airport,-7.0287,145.7678,5900,Yelia Rural LLG,Obura/Wonenara District,Eastern Highlands Province,Yes,,,,,,,,,,,,,,,,,,,,,,,,,,,,,,,,,,,,,,,,
ASZ,Asirim Airport,small_airport,-6.009722222,150.3686111,1050,Gasmata Rural LLG,Kandrian/Gloucester District,West New Britain Province,Yes,,,,,,,,,,,,,,,,,,,,,,,,,,,,,,,,,,,,,,,,
PG-0019,Assengseng Airstrip,small_airport,-6.023611111,149.7858333,1550,Kandrian Inland Rural LLG,Kandrian/Gloucester District,West New Britain Province,Yes,,,,,,,,,,,,,,,,,,,,,,,,,,,,,,,,,,,,,,,,
ABP,Atkamba Airport,small_airport,-6.065555556,141.0952778,150,Kiunga Rural LLG,North Fly District,Western Province,Yes,,,,,,,,,,,,,,,,,,,,,,,,,,,,,,,,,,,,,,,,
AUI,Aua Island Airport,small_airport,-1.460555556,143.0647222,4,Aua Wuvulu LLG,Manus District,Manus Province,Yes,,,,,,,,,,,,,,,,,,,,,,,,,,,,,,,,,,,,,,,,
AUV,Aumo Airport,small_airport,-5.731111111,148.4452778,450,Gloucester Rural LLG,Kandrian/Gloucester District,West New Britain Province,Yes,,,,,,,,,,,,,,,,,,,,,,,,,,,,,,,,,,,,,,,,
PG-0057,Auwi Airstrip,small_airport,-5.51,142.6392,5155,Awi/Pori Rural LLG,Koroba/Kopiago District,Hela Province,Yes,,,,,,,,,,,,,,,,,,,,,,,,,,,,,,,,,,,,,,,,
PG-AWB,Awaba Airport,small_airport,-8.006110191,142.7483521,32,Gogodala Rural LLG,Middle Fly District,Western Province,Yes,,,,,,,,,,,,,,,,,,,,,,,,,,,,,,,,,,,,,,,,
PG-0080,Awala Airstrip,closed,-9.5487,148.4156,730,Safia Rural LLG,Ijivitari District,Northern (Oro) Province,Yes,,,,,,,,,,,,,,,,,,,,,,,,,,,,,,,,,,,,,,,,
AWR,Awar Airport,closed,-4.124,144.853,35,Yawar Rural LLG,Bogia District,Madang Province,Yes,,,,,,,,,,,,,,,,,,,,,,,,,,,,,,,,,,,,,,,,
PG-0058,Aziana Airstrip,small_airport,-6.7495,145.8535,4250,Yelia Rural LLG,Obura/Wonenara District,Eastern Highlands Province,Yes,,,,,,,,,,,,,,,,,,,,,,,,,,,,,,,,,,,,,,,,
PG-0081,Babmo Airstrip,closed,-3.7888,142.9552,290,North Wosera Rural LLG,Wosera Gawi District,East Sepik Province,Yes,,,,,,,,,,,,,,,,,,,,,,,,,,,,,,,,,,,,,,,,
BAP,Baibara Airport,closed,-10.3432,149.6414,15,Amazon Bay Rural LLG,Abau District,Central Province,Yes,,,,,,,,,,,,,,,,,,,,,,,,,,,,,,,,,,,,,,,,
PG-VMU,Baimuru Airport,medium_airport,-7.496860027,144.8199005,27,Baimuru Rural LLG,Kikori District,Gulf Province,Yes,,,,,,,,,,,,,,,,,,,,,,,,,,,,,,,,,,,,,,,,
PG-0059,Baina Airstrip,small_airport,-6.8918,143.6818,215,West Kikori Rural LLG,Kikori District,Gulf Province,Yes,,,,,,,,,,,,,,,,,,,,,,,,,,,,,,,,,,,,,,,,
BDZ,Baindoung Airport,small_airport,-6.347222222,146.9422222,4400,Nabak Rural LLG,Nawae District,Morobe Province,Yes,,,,,,,,,,,,,,,,,,,,,,,,,,,,,,,,,,,,,,,,
AYBB,Bak Airstrip,small_airport,-5.2685,142.097,5440,Oksapmin Rural LLG,Telefomin District,West Sepik (Sandaun) Province,Yes,,,,,,,,,,,,,,,,,,,,,,,,,,,,,,,,,,,,,,,,
BAJ,Bali Airport,small_airport,-4.883333333,149.1333333,90,Bali/Witu Rural LLG,Talasea District,West New Britain Province,Yes,,,,,,,,,,,,,,,,,,,,,,,,,,,,,,,,,,,,,,,,
PG-OPU,Balimo Airport,medium_airport,-8.050000191,142.9329987,51,Gogodala Rural LLG,Middle Fly District,Western Province,Yes,,,,,,,,,,,,,,,,,,,,,,,,,,,,,,,,,,,,,,,,
BCP,Bambu Airport,small_airport,-5.863611111,146.4925,6790,Rai Coast Rural LLG,Rai Coast District,Madang Province,Yes,,,,,,,,,,,,,,,,,,,,,,,,,,,,,,,,,,,,,,,,
BMZ,Bamu Airport,small_airport,-7.8485,143.2433,50,Bamu Rural LLG,Middle Fly District,Western Province,Yes,,,,,,,,,,,,,,,,,,,,,,,,,,,,,,,,,,,,,,,,
PG-0045,Bank Airstrip,small_airport,-5.364495,144.689805,3953,Gama  Rural LLG,UsiNo Bundi District,Madang Province,Yes,,,,,,,,,,,,,,,,,,,,,,,,,,,,,,,,,,,,,,,,
BNZ,Banz Airport,closed,-5.807,144.623,5150,North Waghi Rural LLG,North Waghi District,Jiwaka Province,Yes,,,,,,,,,,,,,,,,,,,,,,,,,,,,,,,,,,,,,,,,
PG-0020,Bapi Airstrip,small_airport,-7.743611111,147.0205556,2930,Waria Rural LLG,Bulolo District,Morobe Province,Yes,,,,,,,,,,,,,,,,,,,,,,,,,,,,,,,,,,,,,,,,
PG-0073,Basikuna Airstrip,small_airport,-6.4445,155.6832,1870,Arawa LLG,Central Bougainville District,AutoNomous Region of Bougainville,Yes,,,,,,,,,,,,,,,,,,,,,,,,,,,,,,,,,,,,,,,,
AYBT,Batri Airstrip,small_airport,-6.5522,143.9441,4510,Erave Rural LLG,Kagua/Erave District,Southern Highlands Province,Yes,,,,,,,,,,,,,,,,,,,,,,,,,,,,,,,,,,,,,,,,
BWJ,Bawan Airport,small_airport,-6.396944444,146.8816667,4700,Wain-Erap Rural LLG,Nawae District,Morobe Province,Yes,,,,,,,,,,,,,,,,,,,,,,,,,,,,,,,,,,,,,,,,
AYBS,Begesin Airstrip,small_airport,-5.3889,145.4472,980,UsiNo Rural LLG,UsiNo Bundi District,Madang Province,Yes,,,,,,,,,,,,,,,,,,,,,,,,,,,,,,,,,,,,,,,,
PG-0021,Benaria Airstrip,small_airport,-6.058888889,143.0338889,4960,Hulia Rural LLG,Komo/Magarima District,Hela Province,Yes,,,,,,,,,,,,,,,,,,,,,,,,,,,,,,,,,,,,,,,,
BSP,Bensbach Airport,small_airport,-8.858055556,141.2594444,30,Morehead Rural LLG,South Fly District,Western Province,Yes,,,,,,,,,,,,,,,,,,,,,,,,,,,,,,,,,,,,,,,,
BEA,Bereina Airport,closed,-8.64,146.5083,58,Kairuku Rural LLG,Kairuku - Hiri District,Central Province,Yes,,,,,,,,,,,,,,,,,,,,,,,,,,,,,,,,,,,,,,,,
PG-0061,Berry Airfield,closed,-9.388829,147.245228,115,National Capital District,National Capital District,National Capital District,Yes,,,,,,,,,,,,,,,,,,,,,,,,,,,,,,,,,,,,,,,,
BWP,Bewani Airport,small_airport,-3.021666667,141.1652778,550,Bewani/Wutung Onei Rural LLG,Vanimo/Green River District,West Sepik (Sandaun) Province,Yes,,,,,,,,,,,,,,,,,,,,,,,,,,,,,,,,,,,,,,,,
PG-BAA,Bialla Airport,small_airport,-5.330560207,151.0079956,51,Bialla Rural LLG,Talasea District,West New Britain Province,Yes,,,,,,,,,,,,,,,,,,,,,,,,,,,,,,,,,,,,,,,,
PG-0022,Biangabip Airport,small_airport,-5.526388889,141.7445833,1069,Olsobip Rural LLG,North Fly District,Western Province,Yes,,,,,,,,,,,,,,,,,,,,,,,,,,,,,,,,,,,,,,,,
AYBR,Biaru Airport,small_airport,-7.6693,146.7594,4900,Wau Rural LLG,Bulolo District,Morobe Province,Yes,,,,,,,,,,,,,,,,,,,,,,,,,,,,,,,,,,,,,,,,
PG-0023,Bili Airstrip,small_airport,-5.667222222,151.0994444,2600,West Pomio/Mamusi Rural LLG,Pomio District,East New Britain Province,Yes,,,,,,,,,,,,,,,,,,,,,,,,,,,,,,,,,,,,,,,,
BIJ,Biliau Airport,closed,-5.578,146.339,50,Rai Coast Rural LLG,Rai Coast District,Madang Province,Yes,,,,,,,,,,,,,,,,,,,,,,,,,,,,,,,,,,,,,,,,
BIZ,Bimin Airport,closed,-5.286111111,142.0330556,5775,Oksapmin Rural LLG,Telefomin District,West Sepik (Sandaun) Province,Yes,,,,,,,,,,,,,,,,,,,,,,,,,,,,,,,,,,,,,,,,
XBN,Biniguni Airport,small_airport,-9.6425,149.3038889,215,Makamaka Rural LLG,Alotau District,Milne Bay Province,Yes,,,,,,,,,,,,,,,,,,,,,,,,,,,,,,,,,,,,,,,,
PG-0025,Bisorio Airstrip,small_airport,-4.721666667,142.9772222,160,Karawari Rural LLG,Angoram District,East Sepik Province,Yes,,,,,,,,,,,,,,,,,,,,,,,,,,,,,,,,,,,,,,,,
AYBW,Blackwara Airport,small_airport,-2.618211,141.091971,58,Bewani/Wutung Onei Rural LLG,Vanimo/Green River District,West Sepik (Sandaun) Province,Yes,,,,,,,,,,,,,,,,,,,,,,,,,,,,,,,,,,,,,,,,
BNV,Boana Airport,closed,-6.433,146.825,2950,Wain-Erap Rural LLG,Nawae District,Morobe Province,Yes,,,,,,,,,,,,,,,,,,,,,,,,,,,,,,,,,,,,,,,,
BOV,Boang Airport,small_airport,-3.3834,153.2812,85,Tanir Rural LLG,Namatanai District,New Ireland Province,Yes,,,,,,,,,,,,,,,,,,,,,,,,,,,,,,,,,,,,,,,,
BNM,Bodinumu Airport,small_airport,-9.107777778,147.6667222,3700,Koiari Rural LLG,Kairuku - Hiri District,Central Province,Yes,,,,,,,,,,,,,,,,,,,,,,,,,,,,,,,,,,,,,,,,
PG-0026,Boikoa Airstrip,small_airport,-7.038611111,145.7341667,4816,Yelia Rural LLG,Obura/Wonenara District,Eastern Highlands Province,Yes,,,,,,,,,,,,,,,,,,,,,,,,,,,,,,,,,,,,,,,,
BOQ,Boku Airport,closed,-6.5427,155.3419,225,Bana LLG,South Bougainville District,AutoNomous Region of Bougainville,Yes,,,,,,,,,,,,,,,,,,,,,,,,,,,,,,,,,,,,,,,,
BVP,Bolovip Airstrip,closed,-5.3633,141.655,4990,Olsobip Rural LLG,North Fly District,Western Province,Yes,,,,,,,,,,,,,,,,,,,,,,,,,,,,,,,,,,,,,,,,
BMH,Bomai Airport,small_airport,-6.373166667,144.637,3300,Karimui Rural LLG,Karimui/Nomane District,Chimbu (Simbu) Province,Yes,,,,,,,,,,,,,,,,,,,,,,,,,,,,,,,,,,,,,,,,
PG-0027,Bosavi Airstrip,small_airport,-6.461666667,142.8411111,2350,Mt Bosavi Rural LLG,Nipa/Kutubu District,Southern Highlands Province,Yes,,,,,,,,,,,,,,,,,,,,,,,,,,,,,,,,,,,,,,,,
BOT,Bosset Airport,small_airport,-7.237257,141.1063222,80,Lake Murray Rural LLG,Middle Fly District,Western Province,Yes,,,,,,,,,,,,,,,,,,,,,,,,,,,,,,,,,,,,,,,,
PG-0028,Boure Airstrip,small_airport,-9.617916667,148.7458333,530,Safia Rural LLG,Ijivitari District,Northern (Oro) Province,Yes,,,,,,,,,,,,,,,,,,,,,,,,,,,,,,,,,,,,,,,,
AYUG,Brugam Airstrip,small_airport,-3.6381,142.8379,595,Bumbita/Muhian Rural LLG,Maprik District,East Sepik Province,Yes,,,,,,,,,,,,,,,,,,,,,,,,,,,,,,,,,,,,,,,,
UBI,Buin Airport,small_airport,-6.729166667,155.6833333,230,Buin LLG,South Bougainville District,AutoNomous Region of Bougainville,Yes,,,,,,,,,,,,,,,,,,,,,,,,,,,,,,,,,,,,,,,,
AYBK,Buka Airport,medium_airport,-5.422319889,154.6730042,11,Buka LLG,North Bougainville District,AutoNomous Region of Bougainville,Yes,,,,,,,,,,,,,,,,,,,,,,,,,,,,,,,,,,,,,,,,
BUL,Bulolo Airport,small_airport,-7.216286671,146.6495419,2240,Wau/Bulolo Urban LLG,Bulolo District,Morobe Province,Yes,,,,,,,,,,,,,,,,,,,,,,,,,,,,,,,,,,,,,,,,
AYXB,Buluwo Airstrip,small_airport,-3.6753,142.0151,600,East Wapei Rural LLG,Aitape/Lumi District,West Sepik (Sandaun) Province,Yes,,,,,,,,,,,,,,,,,,,,,,,,,,,,,,,,,,,,,,,,
AYUN,Bunam Airstrip,small_airport,-4.6564,144.2517,48,Keram Rural LLG,Angoram District,East Sepik Province,Yes,,,,,,,,,,,,,,,,,,,,,,,,,,,,,,,,,,,,,,,,
BNT,Bundi Airport,small_airport,-5.742222222,145.2275,4400,Bundi Rural LLG,UsiNo Bundi District,Madang Province,Yes,,,,,,,,,,,,,,,,,,,,,,,,,,,,,,,,,,,,,,,,
AYUT,Bunguwat Airstrip,small_airport,-6.005,146.7205,5740,Yus Rural LLG,Kabwum District,Morobe Province,Yes,,,,,,,,,,,,,,,,,,,,,,,,,,,,,,,,,,,,,,,,
BXZ,Bunsil Airport,small_airport,-5.7243,147.8667,201,Siassi Rural LLG,Tawae/Siassi District,Morobe Province,Yes,,,,,,,,,,,,,,,,,,,,,,,,,,,,,,,,,,,,,,,,
AYIN,Busilmin Airstrip,small_airport,-4.9166,141.1548,5450,Yapsie Rural LLG,Telefomin District,West Sepik (Sandaun) Province,Yes,,,,,,,,,,,,,,,,,,,,,,,,,,,,,,,,,,,,,,,,
PG-0060,Bu'u Airstrip,small_airport,-7.4011,145.8149,3950,Kotidanga Rural LLG,Kerema District,Gulf Province,Yes,,,,,,,,,,,,,,,,,,,,,,,,,,,,,,,,,,,,,,,,
CGC,Cape Gloucester Airport,small_airport,-5.458965,148.432417,78,Gloucester Rural LLG,Kandrian/Gloucester District,West New Britain Province,Yes,,,,,,,,,,,,,,,,,,,,,,,,,,,,,,,,,,,,,,,,
PG-0005,Cape Rodney Airport,small_airport,-10.179823,148.3790302,22,Aroma Rural LLG,Abau District,Central Province,Yes,,,,,,,,,,,,,,,,,,,,,,,,,,,,,,,,,,,,,,,,
CVL,Cape Vogel Airport,small_airport,-9.67,150.0197222,20,Makamaka Rural LLG,Alotau District,Milne Bay Province,Yes,,,,,,,,,,,,,,,,,,,,,,,,,,,,,,,,,,,,,,,,
AYCH,Chimbu Airport,medium_airport,-6.024290085,144.970993,4974,Kundiawa Urban LLG,Kundiawa/Gembogl District,Chimbu (Simbu) Province,Yes,,,,,,,,,,,,,,,,,,,,,,,,,,,,,,,,,,,,,,,,
SQT,China Strait Airstrip,small_airport,-10.56277778,150.6906944,10,Bwanabwana Rural LLG,Samarai-Murua District,Milne Bay Province,Yes,,,,,,,,,,,,,,,,,,,,,,,,,,,,,,,,,,,,,,,,
PG-CVB,Chungribu Airport,small_airport,-4.806620121,144.7149963,130,Arabaka Rural LLG,Middle Ramu District,Madang Province,Yes,,,,,,,,,,,,,,,,,,,,,,,,,,,,,,,,,,,,,,,,
DAO,Dabo Airport,small_airport,-8.431944444,147.8430556,118,Tamata Rural LLG,Sohe District,Northern (Oro) Province,Yes,,,,,,,,,,,,,,,,,,,,,,,,,,,,,,,,,,,,,,,,
PG-0032,Dahamo Airstrip,small_airport,-5.753194444,141.9936111,460,Olsobip Rural LLG,North Fly District,Western Province,Yes,,,,,,,,,,,,,,,,,,,,,,,,,,,,,,,,,,,,,,,,
AYDU,Daru Airport,medium_airport,-9.086759567,143.2079926,20,Kiwai Rural LLG,South Fly District,Western Province,Yes,,,,,,,,,,,,,,,,,,,,,,,,,,,,,,,,,,,,,,,,
DAF,Daup Airport,small_airport,-4.7403,145.9515,280,Karkar Rural LLG,Sumkar District,Madang Province,Yes,,,,,,,,,,,,,,,,,,,,,,,,,,,,,,,,,,,,,,,,
DBP,Debepare Airport,small_airport,-6.308611111,141.9055556,360,Nomad Rural LLG,Middle Fly District,Western Province,Yes,,,,,,,,,,,,,,,,,,,,,,,,,,,,,,,,,,,,,,,,
DER,Derim Airport,small_airport,-6.144722222,147.1072222,4850,Deyamos Rural LLG,Kabwum District,Morobe Province,Yes,,,,,,,,,,,,,,,,,,,,,,,,,,,,,,,,,,,,,,,,
AYDW,Dewara Airstrip,small_airport,-8.3802,142.4475,25,Morehead Rural LLG,South Fly District,Western Province,Yes,,,,,,,,,,,,,,,,,,,,,,,,,,,,,,,,,,,,,,,,
AYDQ,Dimisisi Airstrip,small_airport,-8.6298,142.2162,166,Morehead Rural LLG,South Fly District,Western Province,Yes,,,,,,,,,,,,,,,,,,,,,,,,,,,,,,,,,,,,,,,,
AYDN,Dinangat Airport,small_airport,-6.1546,146.6772,5309,Yus Rural LLG,Kabwum District,Morobe Province,Yes,,,,,,,,,,,,,,,,,,,,,,,,,,,,,,,,,,,,,,,,
DOS,Dios Airport,closed,-5.5609,154.9616,335,Tinputz LLG,North Bougainville District,AutoNomous Region of Bougainville,Yes,,,,,,,,,,,,,,,,,,,,,,,,,,,,,,,,,,,,,,,,
AYDD,Dobu Airstrip,small_airport,-6.6305,144.6383,3115,Karimui Rural LLG,Karimui/Nomane District,Chimbu (Simbu) Province,Yes,,,,,,,,,,,,,,,,,,,,,,,,,,,,,,,,,,,,,,,,
DDM,Dodoima Airport,small_airport,-8.177361111,147.8094444,75,Tamata Rural LLG,Sohe District,Northern (Oro) Province,Yes,,,,,,,,,,,,,,,,,,,,,,,,,,,,,,,,,,,,,,,,
PG-0064,Dodomona Airstrip,small_airport,-6.2437,142.6158,1910,Nomad Rural LLG,Middle Fly District,Western Province,Yes,,,,,,,,,,,,,,,,,,,,,,,,,,,,,,,,,,,,,,,,
AYDO,Doini Airport,small_airport,-10.7009,150.7218,31,Bwanabwana Rural LLG,Samarai-Murua District,Milne Bay Province,Yes,,,,,,,,,,,,,,,,,,,,,,,,,,,,,,,,,,,,,,,,
PG-0075,Dona Airstrip,closed,-7.8465,147.6518,65,Morobe Rural LLG,Huon District,Morobe Province,Yes,,,,,,,,,,,,,,,,,,,,,,,,,,,,,,,,,,,,,,,,
DOO,Dorobisoro Airport,small_airport,-9.461855,147.920907,1767,Rigo Inland Rural LLG,Rigo District,Central Province,Yes,,,,,,,,,,,,,,,,,,,,,,,,,,,,,,,,,,,,,,,,
DPU,Dumpu Airport,closed,-5.858,145.705,870,UsiNo Rural LLG,UsiNo Bundi District,Madang Province,Yes,,,,,,,,,,,,,,,,,,,,,,,,,,,,,,,,,,,,,,,,
PG-0044,Duranmin Airstrip,small_airport,-4.973205,141.908161,3890,Telefomin Rural LLG,Telefomin District,West Sepik (Sandaun) Province,Yes,,,,,,,,,,,,,,,,,,,,,,,,,,,,,,,,,,,,,,,,
AYDS,Dusin Airport,small_airport,-5.184135,144.411965,6300,Kovon LLG,Middle Ramu District,Madang Province,Yes,,,,,,,,,,,,,,,,,,,,,,,,,,,,,,,,,,,,,,,,
AYED,Edwaki Airport,small_airport,-3.883986,141.792234,190,Namea Rural LLG,Telefomin District,West Sepik (Sandaun) Province,Yes,,,,,,,,,,,,,,,,,,,,,,,,,,,,,,,,,,,,,,,,
EFG,Efogi Airport,small_airport,-9.153805556,147.6598056,3900,Koiari Rural LLG,Kairuku - Hiri District,Central Province,Yes,,,,,,,,,,,,,,,,,,,,,,,,,,,,,,,,,,,,,,,,
AYEM,Eleme Airstrip,small_airport,-4.8141,143.9103,233,Yuat Rural LLG,Angoram District,East Sepik Province,Yes,,,,,,,,,,,,,,,,,,,,,,,,,,,,,,,,,,,,,,,,
AYEL,Eliptamin Airport,small_airport,-5.0412,141.6779,4825,Telefomin Rural LLG,Telefomin District,West Sepik (Sandaun) Province,Yes,,,,,,,,,,,,,,,,,,,,,,,,,,,,,,,,,,,,,,,,
AYEU,Eloaua Airstrip,small_airport,-1.5601,149.6318,25,Murat Rural LLG,Kavieng District,New Ireland Province,Yes,,,,,,,,,,,,,,,,,,,,,,,,,,,,,,,,,,,,,,,,
AYEB,Embessa Airport,small_airport,-9.447,148.7628,131,Safia Rural LLG,Ijivitari District,Northern (Oro) Province,Yes,,,,,,,,,,,,,,,,,,,,,,,,,,,,,,,,,,,,,,,,
PG-0006,Emirau Airport,small_airport,-1.653949991,149.9757667,172,Murat Rural LLG,Kavieng District,New Ireland Province,Yes,,,,,,,,,,,,,,,,,,,,,,,,,,,,,,,,,,,,,,,,
AYEO,Emo River Airstrip,small_airport,-9.1234,148.0415,2240,Kokoda Rural LLG,Sohe District,Northern (Oro) Province,Yes,,,,,,,,,,,,,,,,,,,,,,,,,,,,,,,,,,,,,,,,
AYEN,Engati Airstrip,small_airport,-6.9179,146.1053,3715,Kome Rural LLG,Menyamya District,Morobe Province,Yes,,,,,,,,,,,,,,,,,,,,,,,,,,,,,,,,,,,,,,,,
PG-0007,Erave Airport,small_airport,-6.606463154,143.9002132,3650,Erave Rural LLG,Kagua/Erave District,Southern Highlands Province,Yes,,,,,,,,,,,,,,,,,,,,,,,,,,,,,,,,,,,,,,,,
AYER,Erume Airport,small_airport,-8.2538,146.9747,6690,Tapini Rural LLG,Goilala District,Central Province,Yes,,,,,,,,,,,,,,,,,,,,,,,,,,,,,,,,,,,,,,,,
PG-0008,Esa'ala Airport,small_airport,-9.874327023,150.9542084,10,Dobu Rural LLG,Esa'ala District,Milne Bay Province,Yes,,,,,,,,,,,,,,,,,,,,,,,,,,,,,,,,,,,,,,,,
FNE,Fane Airport,small_airport,-8.549277778,147.0858333,4500,Woitape Rural LLG,Goilala District,Central Province,Yes,,,,,,,,,,,,,,,,,,,,,,,,,,,,,,,,,,,,,,,,
AYFS,Fas Airstrip,small_airport,-3.1983,141.472,1219,Walsa Rural LLG,Vanimo/Green River District,West Sepik (Sandaun) Province,Yes,,,,,,,,,,,,,,,,,,,,,,,,,,,,,,,,,,,,,,,,
AYFE,Feramin Airport,small_airport,-5.208,141.6988,4655,Telefomin Rural LLG,Telefomin District,West Sepik (Sandaun) Province,Yes,,,,,,,,,,,,,,,,,,,,,,,,,,,,,,,,,,,,,,,,
FIN,Finschhafen Airport,small_airport,-6.621750109,147.85405,60,Finschafen Urban LLG,Finschafen District,Morobe Province,Yes,,,,,,,,,,,,,,,,,,,,,,,,,,,,,,,,,,,,,,,,
DGG,Fishermans Airfield,closed,-9.5128,147.0505,24,National Capital District,National Capital District,National Capital District,Yes,,,,,,,,,,,,,,,,,,,,,,,,,,,,,,,,,,,,,,,,
PG-0065,Fiyak Airstrip,small_airport,-4.6771,141.5666,347,Telefomin Rural LLG,Telefomin District,West Sepik (Sandaun) Province,Yes,,,,,,,,,,,,,,,,,,,,,,,,,,,,,,,,,,,,,,,,
AYFO,Fogomaiu Airstrip,small_airport,-6.5096,143.0794,737,Mt Bosavi Rural LLG,Nipa/Kutubu District,Southern Highlands Province,Yes,,,,,,,,,,,,,,,,,,,,,,,,,,,,,,,,,,,,,,,,
AYFK,Foroko Airstrip,small_airport,-5.3283,144.8944,412,Gama  Rural LLG,UsiNo Bundi District,Madang Province,Yes,,,,,,,,,,,,,,,,,,,,,,,,,,,,,,,,,,,,,,,,
AYFR,Frieda River Airport,small_airport,-4.610468,141.960138,217,Tunap/Hustein LLG,Ambunti/Drekikier District,East Sepik Province,Yes,,,,,,,,,,,,,,,,,,,,,,,,,,,,,,,,,,,,,,,,
PG-0066,Fugwa Airstrip,small_airport,-5.7169,142.6968,6100,North Koroba Rural LLG,Koroba/Kopiago District,Hela Province,Yes,,,,,,,,,,,,,,,,,,,,,,,,,,,,,,,,,,,,,,,,
FUB,Fulleborn Airport,small_airport,-6.1518,150.6264,36,Gasmata Rural LLG,Kandrian/Gloucester District,West New Britain Province,Yes,,,,,,,,,,,,,,,,,,,,,,,,,,,,,,,,,,,,,,,,
AYFU,Fuma Airport,small_airport,-6.3933,142.4408,466,Nomad Rural LLG,Middle Fly District,Western Province,Yes,,,,,,,,,,,,,,,,,,,,,,,,,,,,,,,,,,,,,,,,
PG-0009,Garaina Airport,small_airport,-7.875625027,147.1412659,2497,Waria Rural LLG,Bulolo District,Morobe Province,Yes,,,,,,,,,,,,,,,,,,,,,,,,,,,,,,,,,,,,,,,,
AYGG,Garasa Airport,small_airport,-7.980713,147.213461,2539,Waria Rural LLG,Bulolo District,Morobe Province,Yes,,,,,,,,,,,,,,,,,,,,,,,,,,,,,,,,,,,,,,,,
GRH,Garuahi Airport,closed,-10.225149,150.487667,50,Maramatana Rural LLG,Alotau District,Milne Bay Province,Yes,,,,,,,,,,,,,,,,,,,,,,,,,,,,,,,,,,,,,,,,
PG-GMI,Gasmata Island Airport,small_airport,-6.271110058,150.3309937,23,Gasmata Rural LLG,Kandrian/Gloucester District,West New Britain Province,Yes,,,,,,,,,,,,,,,,,,,,,,,,,,,,,,,,,,,,,,,,
AYGS,Gasuke Airport,small_airport,-6.1028,141.7393,157,Kiunga Rural LLG,North Fly District,Western Province,Yes,,,,,,,,,,,,,,,,,,,,,,,,,,,,,,,,,,,,,,,,
AYGQ,Gawa Airstrip,small_airport,-5.259,142.233,6500,Oksapmin Rural LLG,Telefomin District,West Sepik (Sandaun) Province,Yes,,,,,,,,,,,,,,,,,,,,,,,,,,,,,,,,,,,,,,,,
AYGE,Geigorobi Airstrip,small_airport,-4.1055,143.3056,74,Burui/Kunai Rural LLG,Wosera Gawi District,East Sepik Province,Yes,,,,,,,,,,,,,,,,,,,,,,,,,,,,,,,,,,,,,,,,
AYGM,Gema Airstrip,small_airport,-6.8032,145.7756,1675,Yelia Rural LLG,Obura/Wonenara District,Eastern Highlands Province,Yes,,,,,,,,,,,,,,,,,,,,,,,,,,,,,,,,,,,,,,,,
GEW,Gewoia Airport,small_airport,-9.2263,148.4949,340,Afore Rural LLG,Ijivitari District,Northern (Oro) Province,Yes,,,,,,,,,,,,,,,,,,,,,,,,,,,,,,,,,,,,,,,,
AYGD,Gimi Airstrip,small_airport,-6.6482,145.4003,5096,West Okapa Rural LLG,Okapa District,Eastern Highlands Province,Yes,,,,,,,,,,,,,,,,,,,,,,,,,,,,,,,,,,,,,,,,
PG-0067,Giramben Airstrip,small_airport,-5.7835,144.5568,5128,North Waghi Rural LLG,North Waghi District,Jiwaka Province,Yes,,,,,,,,,,,,,,,,,,,,,,,,,,,,,,,,,,,,,,,,
AYGR,Girua Airport,medium_airport,-8.80453968,148.3090057,311,Popondetta Urban LLG,Ijivitari District,Northern (Oro) Province,Yes,,,,,,,,,,,,,,,,,,,,,,,,,,,,,,,,,,,,,,,,
GWN,Gnarowein Airport,closed,-6.555,146.248,525,Onga/Waffa Rural LLG,Markham District,Morobe Province,Yes,,,,,,,,,,,,,,,,,,,,,,,,,,,,,,,,,,,,,,,,
PG-0010,Gobe Airport,small_airport,-6.8782,143.7219,194,West Kikori Rural LLG,Kikori District,Gulf Province,Yes,,,,,,,,,,,,,,,,,,,,,,,,,,,,,,,,,,,,,,,,
AYGO,Gokto Airstrip,small_airport,-4.9136,144.49,259,Arabaka Rural LLG,Middle Ramu District,Madang Province,Yes,,,,,,,,,,,,,,,,,,,,,,,,,,,,,,,,,,,,,,,,
GOC,Gora Airstrip,small_airport,-9.0021,148.2364,2497,Afore Rural LLG,Ijivitari District,Northern (Oro) Province,No,,,,,,,,,,,,,,,,,,,,,,,,,,,,,,,,,,,,,,,,
AYGA,Goroka Airport,medium_airport,-6.081689835,145.3919983,5282,Goroka Urban LLG,Goroka District,Eastern Highlands Province,No,,,,,,,,,,,,,,,,,,,,,,,,,,,,,,,,,,,,,,,,
PG-GVI,Green River Airport,small_airport,-3.902242899,141.170517,281,Green River Rural LLG,Vanimo/Green River District,West Sepik (Sandaun) Province,No,,,,,,,,,,,,,,,,,,,,,,,,,,,,,,,,,,,,,,,,
AYGF,Guari Airport,small_airport,-8.1286,146.8722,6450,Guari Rural LLG,Goilala District,Central Province,No,,,,,,,,,,,,,,,,,,,,,,,,,,,,,,,,,,,,,,,,
GAZ,Guasopa Airport,small_airport,-9.225918,152.944352,10,Murua Rural LLG,Samarai-Murua District,Milne Bay Province,No,,,,,,,,,,,,,,,,,,,,,,,,,,,,,,,,,,,,,,,,
AYGY,Guavi Airstrip,small_airport,-6.87,142.7537,303,Bamu Rural LLG,Middle Fly District,Western Province,No,,,,,,,,,,,,,,,,,,,,,,,,,,,,,,,,,,,,,,,,
PG-0043,Gubam Airstrip,small_airport,-8.608765,141.919638,120,Morehead Rural LLG,South Fly District,Western Province,No,,,,,,,,,,,,,,,,,,,,,,,,,,,,,,,,,,,,,,,,
PG-0042,Gubil Airstrip,small_airport,-4.883308,141.525381,2200,Telefomin Rural LLG,Telefomin District,West Sepik (Sandaun) Province,No,,,,,,,,,,,,,,,,,,,,,,,,,,,,,,,,,,,,,,,,
AYGH,Guhu Airstrip,small_airport,-5.6957,146.1116,3,Rai Coast Rural LLG,Rai Coast District,Madang Province,No,,,,,,,,,,,,,,,,,,,,,,,,,,,,,,,,,,,,,,,,
GLP,Gulgubip Airport,small_airport,-5.2808,141.5411,4900,Olsobip Rural LLG,North Fly District,Western Province,No,,,,,,,,,,,,,,,,,,,,,,,,,,,,,,,,,,,,,,,,
GUE,Guriaso (Keraso) Airport,small_airport,-3.583167,141.5895,400,Amanab Rural LLG,Vanimo/Green River District,West Sepik (Sandaun) Province,No,,,,,,,,,,,,,,,,,,,,,,,,,,,,,,,,,,,,,,,,
AYGN,Gurney Airport,medium_airport,-10.3114996,150.3339996,88,Huhu Rural LLG,Alotau District,Milne Bay Province,No,,,,,,,,,,,,,,,,,,,,,,,,,,,,,,,,,,,,,,,,
AYGP,Gusap Airport,small_airport,-6.053196,145.959047,1504,Umi/Atzera Rural LLG,Markham District,Morobe Province,No,,,,,,,,,,,,,,,,,,,,,,,,,,,,,,,,,,,,,,,,
AYGW,Guwasa Airport,small_airport,-6.465838,145.083968,4800,Unavi Rural LLG,Lufa District,Eastern Highlands Province,No,,,,,,,,,,,,,,,,,,,,,,,,,,,,,,,,,,,,,,,,
AYHB,Habi Airport,small_airport,-6.32,142.4893,993,Nomad Rural LLG,Middle Fly District,Western Province,No,,,,,,,,,,,,,,,,,,,,,,,,,,,,,,,,,,,,,,,,
AYHN,Habina Airstrip,small_airport,-6.6671,146,6200,Lamari Rural LLG,Obura/Wonenara District,Eastern Highlands Province,No,,,,,,,,,,,,,,,,,,,,,,,,,,,,,,,,,,,,,,,,
HEO,Haelogo Airport,small_airport,-9.13658,147.598434,3217,Koiari Rural LLG,Kairuku - Hiri District,Central Province,No,,,,,,,,,,,,,,,,,,,,,,,,,,,,,,,,,,,,,,,,
AYHW,Haewenai Airstrip,small_airport,-5.7219,141.3205,220,Ningerum Rural LLG,North Fly District,Western Province,No,,,,,,,,,,,,,,,,,,,,,,,,,,,,,,,,,,,,,,,,
AYHA,Haia Airport,small_airport,-6.707421,144.997398,2434,Karimui Rural LLG,Karimui/Nomane District,Chimbu (Simbu) Province,No,,,,,,,,,,,,,,,,,,,,,,,,,,,,,,,,,,,,,,,,
AYHO,Haivaro Airport,small_airport,-6.9406,143.059,180,West Kikori Rural LLG,Kikori District,Gulf Province,No,,,,,,,,,,,,,,,,,,,,,,,,,,,,,,,,,,,,,,,,
HAZ,Hatzfeldhaven Airport,small_airport,-4.4033,145.2056,26,Almami Rural LLG,Bogia District,Madang Province,No,,,,,,,,,,,,,,,,,,,,,,,,,,,,,,,,,,,,,,,,
AYHQ,Hauna Airstrip,small_airport,-4.2994,142.2305,73,Ambunti Rural LLG,Ambunti/Drekikier District,East Sepik Province,No,,,,,,,,,,,,,,,,,,,,,,,,,,,,,,,,,,,,,,,,
HWA,Hawabango Airport,small_airport,-7.392994,146.003487,4563,Kaintiba Rural LLG,Kerema District,Gulf Province,No,,,,,,,,,,,,,,,,,,,,,,,,,,,,,,,,,,,,,,,,
PG-HYF,Hayfields Airport,small_airport,-3.69838,143.057902,466,Maprik/Wora Rural LLG,Maprik District,East Sepik Province,No,,,,,,,,,,,,,,,,,,,,,,,,,,,,,,,,,,,,,,,,
AYHE,Heiweni Airport,small_airport,-7.4223,146.4276,3480,Kapao Rural LLG,Menyamya District,Morobe Province,No,,,,,,,,,,,,,,,,,,,,,,,,,,,,,,,,,,,,,,,,
AYHX,Herowena Airstrip,small_airport,-6.6229,145.1972,4695,Unavi Rural LLG,Lufa District,Eastern Highlands Province,No,,,,,,,,,,,,,,,,,,,,,,,,,,,,,,,,,,,,,,,,
AYHL,Hesalibi Airstrip,small_airport,-6.6,142.3502,305,Nomad Rural LLG,Middle Fly District,Western Province,No,,,,,,,,,,,,,,,,,,,,,,,,,,,,,,,,,,,,,,,,
AYHJ,Hewa Airstrip,small_airport,-5.1914,142.9595,5000,Paiela/Hewa Rural LLG,Lagaip/Pogera District,Enga Province,No,,,,,,,,,,,,,,,,,,,,,,,,,,,,,,,,,,,,,,,,
AYHT,Hotmin Airstrip,small_airport,-4.5845,141.5742,196,Tunap/Hustein LLG,Ambunti/Drekikier District,East Sepik Province,No,,,,,,,,,,,,,,,,,,,,,,,,,,,,,,,,,,,,,,,,
AYHY,Huya Airstrip,small_airport,-6.2734,142.7061,2611,Mt Bosavi Rural LLG,Nipa/Kutubu District,Southern Highlands Province,No,,,,,,,,,,,,,,,,,,,,,,,,,,,,,,,,,,,,,,,,
AYIU,Ialibu Airport,small_airport,-6.2782,143.9944,6736,Ialibu Urban LLG,Ialibu/Pangia District,Southern Highlands Province,No,,,,,,,,,,,,,,,,,,,,,,,,,,,,,,,,,,,,,,,,
IMA,Iamalele Airport,small_airport,-9.5107,150.5246,40,West Ferguson Rural LLG,Esa'ala District,Milne Bay Province,Yes,,,,,,,,,,,,,,,,,,,,,,,,,,,,,,,,,,,,,,,,
AYIB,Ibil Airstrip,small_airport,-4.6828,141.0316,870,Yapsie Rural LLG,Telefomin District,West Sepik (Sandaun) Province,Yes,,,,,,,,,,,,,,,,,,,,,,,,,,,,,,,,,,,,,,,,
IBI,Iboki Airport,small_airport,-5.5536,149.19,13,Kove/Kaliai Rural LLG,Kandrian/Gloucester District,West New Britain Province,Yes,,,,,,,,,,,,,,,,,,,,,,,,,,,,,,,,,,,,,,,,
PG-0068,Idam Airstrip,small_airport,-4.1432,141.2592,211,Green River Rural LLG,Vanimo/Green River District,West Sepik (Sandaun) Province,Yes,,,,,,,,,,,,,,,,,,,,,,,,,,,,,,,,,,,,,,,,
PG-IHU,Ihu Airport,small_airport,-7.89756012,145.3959961,70,Ihu Rural LLG,Kikori District,Gulf Province,Yes,,,,,,,,,,,,,,,,,,,,,,,,,,,,,,,,,,,,,,,,
ILX,Ileg Airport,closed,-5.4917,145.8022,60,Astrolabe Bay Rural LLG,Rai Coast District,Madang Province,No,,,,,,,,,,,,,,,,,,,,,,,,,,,,,,,,,,,,,,,,
AYII,Imane Airport,small_airport,-6.7524,146.1072,3860,Onga/Waffa Rural LLG,Markham District,Morobe Province,No,,,,,,,,,,,,,,,,,,,,,,,,,,,,,,,,,,,,,,,,
AYIO,Imonda Airport,small_airport,-3.328,141.1573,990,Walsa Rural LLG,Vanimo/Green River District,West Sepik (Sandaun) Province,No,,,,,,,,,,,,,,,,,,,,,,,,,,,,,,,,,,,,,,,,
AYIR,Inaru Airstrip,small_airport,-4.6316,142.8913,178,Karawari Rural LLG,Angoram District,East Sepik Province,No,,,,,,,,,,,,,,,,,,,,,,,,,,,,,,,,,,,,,,,,
IDN,Indagen Airport,small_airport,-6.22663,147.244,5788,Komba Rural LLG,Kabwum District,Morobe Province,No,,,,,,,,,,,,,,,,,,,,,,,,,,,,,,,,,,,,,,,,
IUS,Inus Airport,closed,-5.7568,155.1498,50,Wakunai LLG,Central Bougainville District,AutoNomous Region of Bougainville,No,,,,,,,,,,,,,,,,,,,,,,,,,,,,,,,,,,,,,,,,
IOK,Iokea Airport,small_airport,-8.401,146.277,39,East Kerema Rural LLG,Kerema District,Gulf Province,No,,,,,,,,,,,,,,,,,,,,,,,,,,,,,,,,,,,,,,,,
IOP,Ioma Airport,small_airport,-8.3614,147.84,95,Tamata Rural LLG,Sohe District,Northern (Oro) Province,No,,,,,,,,,,,,,,,,,,,,,,,,,,,,,,,,,,,,,,,,
AYIP,Iropena Airstrip,small_airport,-5.0333,143.87084,5190,Wapi-Yengis Rural LLG,Kompiam District,Enga Province,No,,,,,,,,,,,,,,,,,,,,,,,,,,,,,,,,,,,,,,,,
AYIS,Isan Airstrip,small_airport,-5.9781,146.61975,6955,Yus Rural LLG,Kabwum District,Morobe Province,No,,,,,,,,,,,,,,,,,,,,,,,,,,,,,,,,,,,,,,,,
AYIT,Iteri Airstrip,small_airport,-4.2418,141.5234,242,Tunap/Hustein LLG,Ambunti/Drekikier District,East Sepik Province,Yes,,,,,,,,,,,,,,,,,,,,,,,,,,,,,,,,,,,,,,,,
ITK,Itokama Airport,small_airport,-9.201527,148.264261,2563,Afore Rural LLG,Ijivitari District,Northern (Oro) Province,Yes,,,,,,,,,,,,,,,,,,,,,,,,,,,,,,,,,,,,,,,,
PG-JAQ,JacquiNot Bay Airport,small_airport,-5.652500153,151.5070038,136,West Pomio/Mamusi Rural LLG,Pomio District,East New Britain Province,Yes,,,,,,,,,,,,,,,,,,,,,,,,,,,,,,,,,,,,,,,,
PG-0029,Jangit Airstrip,small_airport,-4.336666667,144.4806944,30,Marienberg Rural LLG,Angoram District,East Sepik Province,Yes,,,,,,,,,,,,,,,,,,,,,,,,,,,,,,,,,,,,,,,,
JOP,Josephstaal Airport,small_airport,-4.747083333,145.0070833,250,Josephstaal Rural LLG,Middle Ramu District,Madang Province,Yes,,,,,,,,,,,,,,,,,,,,,,,,,,,,,,,,,,,,,,,,
PG-0030,Junkaral Airstrip,small_airport,-5.423166667,145.0100278,485,Bundi Rural LLG,UsiNo Bundi District,Madang Province,No,,,,,,,,,,,,,,,,,,,,,,,,,,,,,,,,,,,,,,,,
PG-0031,Kabori Airstrip,small_airport,-3.321611111,141.8584167,2090,West Wapei Rural LLG,Aitape/Lumi District,West Sepik (Sandaun) Province,No,,,,,,,,,,,,,,,,,,,,,,,,,,,,,,,,,,,,,,,,
KBM,Kabwum,small_airport,-6.155472222,147.1914722,4450,Selepet Rural LLG,Kabwum District,Morobe Province,No,,,,,,,,,,,,,,,,,,,,,,,,,,,,,,,,,,,,,,,,
PG-0039,Kafa Airstrip,small_airport,-6.586888889,143.515,1850,Lake Kutubu Rural LLG,Nipa/Kutubu District,Southern Highlands Province,No,,,,,,,,,,,,,,,,,,,,,,,,,,,,,,,,,,,,,,,,
AYKL,Kafle Airstrip,small_airport,-3.75,142.59,850,Mawase Rural LLG,Nuku District,West Sepik (Sandaun) Province,No,,,,,,,,,,,,,,,,,,,,,,,,,,,,,,,,,,,,,,,,
KGW,Kagi Airport,small_airport,-9.135916667,147.6694444,4200,Koiari Rural LLG,Kairuku - Hiri District,Central Province,Yes,,,,,,,,,,,,,,,,,,,,,,,,,,,,,,,,,,,,,,,,
AGK,Kagua Airport,small_airport,-6.396388889,143.8536111,5350,Kagua Rural LLG,Kagua/Erave District,Southern Highlands Province,Yes,,,,,,,,,,,,,,,,,,,,,,,,,,,,,,,,,,,,,,,,
KIA,Kaiapit Airport,closed,-6.275,146.27,1030,Umi/Atzera Rural LLG,Markham District,Morobe Province,Yes,,,,,,,,,,,,,,,,,,,,,,,,,,,,,,,,,,,,,,,,
PG-0040,Kaibo Airstrip,small_airport,-6.371111111,143.1725,2880,Lake Kutubu Rural LLG,Nipa/Kutubu District,Southern Highlands Province,Yes,,,,,,,,,,,,,,,,,,,,,,,,,,,,,,,,,,,,,,,,
KZF,Kaintiba Airport,small_airport,-7.50025,146.0338333,2050,Kaintiba Rural LLG,Kerema District,Gulf Province,Yes,,,,,,,,,,,,,,,,,,,,,,,,,,,,,,,,,,,,,,,,
PG-0041,Kairik Airstrip,small_airport,-5.44625,143.1698889,7340,Porgera Rural LLG,Lagaip/Pogera District,Enga Province,Yes,,,,,,,,,,,,,,,,,,,,,,,,,,,,,,,,,,,,,,,,
AYKZ,Kairiru Airstrip,small_airport,-3.3687,143.5546,60,Wewak Islands Rural LLG,Wewak District,East Sepik Province,Yes,,,,,,,,,,,,,,,,,,,,,,,,,,,,,,,,,,,,,,,,
RKU,Kairuku Airport,small_airport,-8.817000054,146.5243833,45,Kairuku Rural LLG,Kairuku - Hiri District,Central Province,Yes,,,,,,,,,,,,,,,,,,,,,,,,,,,,,,,,,,,,,,,,
AYUD,Kais-Udave Helicopter landing site,heliport,-8.7819,147.2785,3300,Woitape Rural LLG,Goilala District,Central Province,Yes,,,,,,,,,,,,,,,,,,,,,,,,,,,,,,,,,,,,,,,,
KOR,Kakoro(Koroko) Airstrip,small_airport,-7.834666667,146.5335,230,Lakekamu-Tauri Rural LLG,Kerema District,Gulf Province,Yes,,,,,,,,,,,,,,,,,,,,,,,,,,,,,,,,,,,,,,,,
KDQ,Kamberatoro Airport,small_airport,-3.600556,141.051667,1350,Amanab Rural LLG,Vanimo/Green River District,West Sepik (Sandaun) Province,Yes,,,,,,,,,,,,,,,,,,,,,,,,,,,,,,,,,,,,,,,,
KMF,Kamina Airport,small_airport,-7.64925,145.9569444,2157,Kotidanga Rural LLG,Kerema District,Gulf Province,Yes,,,,,,,,,,,,,,,,,,,,,,,,,,,,,,,,,,,,,,,,
KJU,Kamiraba Airport,closed,-3.1995,151.9077,40,Sentral Niu Ailan Rural LLG,Namatanai District,New Ireland Province,Yes,,,,,,,,,,,,,,,,,,,,,,,,,,,,,,,,,,,,,,,,
KAQ,Kamulai Airport,small_airport,-8.150694444,146.834,5800,Guari Rural LLG,Goilala District,Central Province,Yes,,,,,,,,,,,,,,,,,,,,,,,,,,,,,,,,,,,,,,,,
PG-KUY,Kamusi Airport,small_airport,-7.420347,143.121811,97,Bamu Rural LLG,Middle Fly District,Western Province,Yes,,,,,,,,,,,,,,,,,,,,,,,,,,,,,,,,,,,,,,,,
KEX,Kanabea Airport,small_airport,-7.538888889,145.905,4288,Kotidanga Rural LLG,Kerema District,Gulf Province,Yes,,,,,,,,,,,,,,,,,,,,,,,,,,,,,,,,,,,,,,,,
AYKJ,Kanainj Airport,small_airport,-5.2903,144.7072,4064,Gama  Rural LLG,UsiNo Bundi District,Madang Province,Yes,,,,,,,,,,,,,,,,,,,,,,,,,,,,,,,,,,,,,,,,
KDP,Kandep Airport,small_airport,-5.840611111,143.5072222,7710,Kandep Rural LLG,Kandep District,Enga Province,No,,,,,,,,,,,,,,,,,,,,,,,,,,,,,,,,,,,,,,,,
PG-KDR,Kandrian Airport,small_airport,-6.19217,149.54783,280,Kandrian Coastal Rural LLG,Kandrian/Gloucester District,West New Britain Province,No,,,,,,,,,,,,,,,,,,,,,,,,,,,,,,,,,,,,,,,,
AYNT,Kantobo Airstrip,small_airport,-6.7227,143.5636,1385,Lake Kutubu Rural LLG,Nipa/Kutubu District,Southern Highlands Province,No,,,,,,,,,,,,,,,,,,,,,,,,,,,,,,,,,,,,,,,,
PG-0091,Kapaimeri Airstrip,small_airport,-4.2028,143.2767,30,Gawi Rural LLG,Wosera Gawi District,East Sepik Province,No,,,,,,,,,,,,,,,,,,,,,,,,,,,,,,,,,,,,,,,,
KPL,Kapal Airport,small_airport,-8.630184,142.823756,170,Oriomo-Bituri Rural LLG,South Fly District,Western Province,No,,,,,,,,,,,,,,,,,,,,,,,,,,,,,,,,,,,,,,,,
AYPI,Kapi Airstrip,small_airport,-6.371,144.6839,3408,Karimui Rural LLG,Karimui/Nomane District,Chimbu (Simbu) Province,No,,,,,,,,,,,,,,,,,,,,,,,,,,,,,,,,,,,,,,,,
KAK,Kar Airport,small_airport,-6.2452,143.5516,4965,Poroma Rural LLG,Nipa/Kutubu District,Southern Highlands Province,No,,,,,,,,,,,,,,,,,,,,,,,,,,,,,,,,,,,,,,,,
AYKR,Kar Kar Airport,small_airport,-4.557,145.9404,130,Karkar Rural LLG,Sumkar District,Madang Province,No,,,,,,,,,,,,,,,,,,,,,,,,,,,,,,,,,,,,,,,,
KAF,Karato Airport,small_airport,-6.2655,155.3052,109,Arawa LLG,Central Bougainville District,AutoNomous Region of Bougainville,No,,,,,,,,,,,,,,,,,,,,,,,,,,,,,,,,,,,,,,,,
KRJ,Karawari Airstrip,small_airport,-4.596666667,143.5225,70,Karawari Rural LLG,Angoram District,East Sepik Province,No,,,,,,,,,,,,,,,,,,,,,,,,,,,,,,,,,,,,,,,,
AYRI,Karimui Airport,small_airport,-6.4921,144.823,3640,Karimui Rural LLG,Karimui/Nomane District,Chimbu (Simbu) Province,No,,,,,,,,,,,,,,,,,,,,,,,,,,,,,,,,,,,,,,,,
PG-KXR,Karoola Airport,closed,-5.1431,154.5928,52,Buka LLG,North Bougainville District,AutoNomous Region of Bougainville,No,,,,,,,,,,,,,,,,,,,,,,,,,,,,,,,,,,,,,,,,
AYNM,KasoNombe Airport,small_airport,-6.3819,146.9859,5800,Nabak Rural LLG,Nawae District,Morobe Province,No,,,,,,,,,,,,,,,,,,,,,,,,,,,,,,,,,,,,,,,,
PG-0085,Kauaia Airstrip,closed,-3.758,142.9777,375,North Wosera Rural LLG,Wosera Gawi District,East Sepik Province,No,,,,,,,,,,,,,,,,,,,,,,,,,,,,,,,,,,,,,,,,
PG-0089,Kaup Airstrip,closed,-3.8033,143.987,100,Marienberg Rural LLG,Angoram District,East Sepik Province,No,,,,,,,,,,,,,,,,,,,,,,,,,,,,,,,,,,,,,,,,
AYKV,Kavieng Airport,medium_airport,-2.579400063,150.8079987,7,Kavieng Urban LLG,Kavieng District,New Ireland Province,No,,,,,,,,,,,,,,,,,,,,,,,,,,,,,,,,,,,,,,,,
PG-KWO,Kawito Airport,small_airport,-7.977006912,142.8235779,72,Gogodala Rural LLG,Middle Fly District,Western Province,No,,,,,,,,,,,,,,,,,,,,,,,,,,,,,,,,,,,,,,,,
KEG,Keglsugl Airport,small_airport,-5.832777778,145.0972222,8400,Mitnande Rural LLG,Kundiawa/Gembogl District,Chimbu (Simbu) Province,No,,,,,,,,,,,,,,,,,,,,,,,,,,,,,,,,,,,,,,,,
PG-0069,Kelabo Airstrip,small_airport,-5.5659,142.5666,5562,North Koroba Rural LLG,Koroba/Kopiago District,Hela Province,No,,,,,,,,,,,,,,,,,,,,,,,,,,,,,,,,,,,,,,,,
KNL,KelaNoa Airport,closed,-6.01,147.49,40,Sialum Rural LLG,Tawae/Siassi District,Morobe Province,No,,,,,,,,,,,,,,,,,,,,,,,,,,,,,,,,,,,,,,,,
KRU,Kerau Airport,small_airport,-8.271612,147.071899,7360,Tapini Rural LLG,Goilala District,Central Province,No,,,,,,,,,,,,,,,,,,,,,,,,,,,,,,,,,,,,,,,,
AYKM,Kerema Airport,medium_airport,-7.963610172,145.7709961,10,Kerema Urban LLG,Kerema District,Gulf Province,No,,,,,,,,,,,,,,,,,,,,,,,,,,,,,,,,,,,,,,,,
PG-0063,Kerevat Airfield,closed,-4.3092,152.0122,50,Central Gazelle Rural LLG,Gazelle District,East New Britain Province,Yes,,,,,,,,,,,,,,,,,,,,,,,,,,,,,,,,,,,,,,,,
PG-0051,Kibeni Airstrip,small_airport,-7.4846,143.8224,99,West Kikori Rural LLG,Kikori District,Gulf Province,No,,,,,,,,,,,,,,,,,,,,,,,,,,,,,,,,,,,,,,,,
PG-0048,Kibuli Airstrip,small_airport,-9.006528,142.698056,54,Oriomo-Bituri Rural LLG,South Fly District,Western Province,No,,,,,,,,,,,,,,,,,,,,,,,,,,,,,,,,,,,,,,,,
AYKT,Kieta Airport,small_airport,-6.305416667,155.7281389,20,Arawa LLG,Central Bougainville District,AutoNomous Region of Bougainville,No,,,,,,,,,,,,,,,,,,,,,,,,,,,,,,,,,,,,,,,,
KIZ,KikiNonda Airport,closed,-8.5284,147.9309,95,Tamata Rural LLG,Sohe District,Northern (Oro) Province,No,,,,,,,,,,,,,,,,,,,,,,,,,,,,,,,,,,,,,,,,
PG-0052,Kilifas Airstrip,small_airport,-3.2148,141.3642,1095,Walsa Rural LLG,Vanimo/Green River District,West Sepik (Sandaun) Province,No,,,,,,,,,,,,,,,,,,,,,,,,,,,,,,,,,,,,,,,,
AYHK,Kimbe Airport,medium_airport,-5.462170124,150.4049988,66,Hoskins Rural LLG,Talasea District,West New Britain Province,No,,,,,,,,,,,,,,,,,,,,,,,,,,,,,,,,,,,,,,,,
KIQ,Kira Airport,small_airport,-8.065111111,147.3320278,1700,Kira Rural LLG,Sohe District,Northern (Oro) Province,No,,,,,,,,,,,,,,,,,,,,,,,,,,,,,,,,,,,,,,,,
AYRT,Kirinbit Airstrip,small_airport,-4.2839,143.1512,60,Gawi Rural LLG,Wosera Gawi District,East Sepik Province,No,,,,,,,,,,,,,,,,,,,,,,,,,,,,,,,,,,,,,,,,
PG-0049,Kiriwo Airstrip,small_airport,-8.437,141.5142,69,Morehead Rural LLG,South Fly District,Western Province,No,,,,,,,,,,,,,,,,,,,,,,,,,,,,,,,,,,,,,,,,
KSG,Kisengam Airport,closed,-6.362,146.71,3700,Wain-Erap Rural LLG,Nawae District,Morobe Province,No,,,,,,,,,,,,,,,,,,,,,,,,,,,,,,,,,,,,,,,,
KVE,Kitava Airport,small_airport,-8.6285,151.327,194,Kiriwina Rural LLG,Kiriwina-GoodeNough District,Milne Bay Province,No,,,,,,,,,,,,,,,,,,,,,,,,,,,,,,,,,,,,,,,,
AYKI,Kiunga Airport,small_airport,-6.125710011,141.2819977,88,Kiunga Urban LLG,North Fly District,Western Province,No,,,,,,,,,,,,,,,,,,,,,,,,,,,,,,,,,,,,,,,,
KWX,Kiwai Airport,closed,-8.6883,143.618,30,Kiwai Rural LLG,South Fly District,Western Province,No,,,,,,,,,,,,,,,,,,,,,,,,,,,,,,,,,,,,,,,,
AYLH,Klauhau Airstrip,small_airport,-4.1305,142.2495,130,Ambunti Rural LLG,Ambunti/Drekikier District,East Sepik Province,No,,,,,,,,,,,,,,,,,,,,,,,,,,,,,,,,,,,,,,,,
KMB,Koinambe Airport,small_airport,-5.4875,144.6069444,3000,Jimi Rural LLG,Jimi District,Jiwaka Province,No,,,,,,,,,,,,,,,,,,,,,,,,,,,,,,,,,,,,,,,,
PG-KKD,Kokoda Airport,small_airport,-8.884678841,147.730957,1240,Kokoda Rural LLG,Sohe District,Northern (Oro) Province,No,,,,,,,,,,,,,,,,,,,,,,,,,,,,,,,,,,,,,,,,
KQL,Kol Airport,small_airport,-5.731166667,144.846,5350,Kol Rural LLG,Jimi District,Jiwaka Province,No,,,,,,,,,,,,,,,,,,,,,,,,,,,,,,,,,,,,,,,,
AYOK,Komako Airport,small_airport,-7.3984,145.8827,3960,Kotidanga Rural LLG,Kerema District,Gulf Province,No,,,,,,,,,,,,,,,,,,,,,,,,,,,,,,,,,,,,,,,,
AYOU,Kombaku Airstrip,small_airport,-5.3817,144.6355,5400,Gama  Rural LLG,UsiNo Bundi District,Madang Province,No,,,,,,,,,,,,,,,,,,,,,,,,,,,,,,,,,,,,,,,,
PG-0088,Kombot Airstrip,closed,-3.486,142.704,2260,Dreikikier Rural LLG,Ambunti/Drekikier District,East Sepik Province,No,,,,,,,,,,,,,,,,,,,,,,,,,,,,,,,,,,,,,,,,
KOM,Komo-Manda Airport,small_airport,-6.0682,142.8598,5057,Komo Rural LLG,Komo/Magarima District,Hela Province,No,,,,,,,,,,,,,,,,,,,,,,,,,,,,,,,,,,,,,,,,
AYAQ,Kompiam Airport,small_airport,-5.381666667,143.9247222,5100,Kompiam Rural LLG,Kompiam District,Enga Province,No,,,,,,,,,,,,,,,,,,,,,,,,,,,,,,,,,,,,,,,,
AYDL,Kondobol Airport,small_airport,-8.5336,142.5049,132,Morehead Rural LLG,South Fly District,Western Province,No,,,,,,,,,,,,,,,,,,,,,,,,,,,,,,,,,,,,,,,,
AYOE,Konge Airport,small_airport,-6.2239,147.2152,5900,Komba Rural LLG,Kabwum District,Morobe Province,No,,,,,,,,,,,,,,,,,,,,,,,,,,,,,,,,,,,,,,,,
AYKG,Kopiago Airport,small_airport,-5.3883,142.4977,4445,Lake Kopiago Rural LLG,Koroba/Kopiago District,Hela Province,No,,,,,,,,,,,,,,,,,,,,,,,,,,,,,,,,,,,,,,,,
AYOZ,Kora Airstrip,small_airport,-6.4304,145.0931,5745,Unavi Rural LLG,Lufa District,Eastern Highlands Province,No,,,,,,,,,,,,,,,,,,,,,,,,,,,,,,,,,,,,,,,,
AYOW,Koroba Airport,small_airport,-5.6952,142.7441,5638,South Koroba Rural LLG,Koroba/Kopiago District,Hela Province,No,,,,,,,,,,,,,,,,,,,,,,,,,,,,,,,,,,,,,,,,
AYOS,Kosimbi Airstrip,small_airport,-3.9522,143.1767,149,Burui/Kunai Rural LLG,Wosera Gawi District,East Sepik Province,No,,,,,,,,,,,,,,,,,,,,,,,,,,,,,,,,,,,,,,,,
KSP,Kosipe Airport,small_airport,-8.450716,147.209195,6350,Woitape Rural LLG,Goilala District,Central Province,No,,,,,,,,,,,,,,,,,,,,,,,,,,,,,,,,,,,,,,,,
AYKN,Kubuna Airstrip,small_airport,-8.6917,146.7566,200,Mekeo Kuni Rural LLG,Kairuku - Hiri District,Central Province,No,,,,,,,,,,,,,,,,,,,,,,,,,,,,,,,,,,,,,,,,
AYUQ,Kumbwareta Airstrip,small_airport,-5.5078,144.1171,4067,Baiyer Rural LLG,Mul/Baiyer District,Western Highlands Province,No,,,,,,,,,,,,,,,,,,,,,,,,,,,,,,,,,,,,,,,,
AYIM,Kungim Airport,small_airport,-5.671,141.03,349,Ningerum Rural LLG,North Fly District,Western Province,No,,,,,,,,,,,,,,,,,,,,,,,,,,,,,,,,,,,,,,,,
KTK,Kunua Airport,closed,-5.7828,154.74,60,Kunua LLG,North Bougainville District,AutoNomous Region of Bougainville,No,,,,,,,,,,,,,,,,,,,,,,,,,,,,,,,,,,,,,,,,
KUP,KupiaNo Airport,small_airport,-10.0736,148.218,90,Aroma Rural LLG,Abau District,Central Province,No,,,,,,,,,,,,,,,,,,,,,,,,,,,,,,,,,,,,,,,,
AYKU,Kuri Airport,small_airport,-7.135083,143.276111,35,West Kikori Rural LLG,Kikori District,Gulf Province,No,,,,,,,,,,,,,,,,,,,,,,,,,,,,,,,,,,,,,,,,
KWV,Kurwina Airport,closed,-5.965,155.3604,65,Wakunai LLG,Central Bougainville District,AutoNomous Region of Bougainville,No,,,,,,,,,,,,,,,,,,,,,,,,,,,,,,,,,,,,,,,,
KUX,Kuyol Airport,small_airport,-5.372361111,141.6238889,3290,Olsobip Rural LLG,North Fly District,Western Province,No,,,,,,,,,,,,,,,,,,,,,,,,,,,,,,,,,,,,,,,,
AYFW,Kwieftim Airstrip,small_airport,-3.6005,141.7674,515,East Wapei Rural LLG,Aitape/Lumi District,West Sepik (Sandaun) Province,No,,,,,,,,,,,,,,,,,,,,,,,,,,,,,,,,,,,,,,,,
AYOA,Kwomtari Airstrip,small_airport,-3.598,141.3614,366,Amanab Rural LLG,Vanimo/Green River District,West Sepik (Sandaun) Province,No,,,,,,,,,,,,,,,,,,,,,,,,,,,,,,,,,,,,,,,,
AYLB,Lab Lab Airport,small_airport,-5.7204,148.0566,160,Siassi Rural LLG,Tawae/Siassi District,Morobe Province,No,,,,,,,,,,,,,,,,,,,,,,,,,,,,,,,,,,,,,,,,
AYLA,Lae Airfield,closed,-6.731666,146.996368,50,Lae Urban LLG,Lae District,Morobe Province,No,,,,,,,,,,,,,,,,,,,,,,,,,,,,,,,,,,,,,,,,
AYLQ,Lagoon Airstrip,small_airport,-8.8186,143.1317,100,Oriomo-Bituri Rural LLG,South Fly District,Western Province,No,,,,,,,,,,,,,,,,,,,,,,,,,,,,,,,,,,,,,,,,
LGM,Laiagam Airport,closed,-5.4923,143.488,7267,Lagaip Rural LLG,Lagaip/Pogera District,Enga Province,No,,,,,,,,,,,,,,,,,,,,,,,,,,,,,,,,,,,,,,,,
AYLC,Lake Campbell Airstrip,small_airport,-6.7486,142.6037,585,Nomad Rural LLG,Middle Fly District,Western Province,No,,,,,,,,,,,,,,,,,,,,,,,,,,,,,,,,,,,,,,,,
PG-LMY,Lake Murray Airport,small_airport,-7.00992012,141.4940033,52,Lake Murray Rural LLG,Middle Fly District,Western Province,No,,,,,,,,,,,,,,,,,,,,,,,,,,,,,,,,,,,,,,,,
AYRB,Lakunai Airfield,closed,-4.223,152.185,30,Rabaul Urban LLG,Rabaul District,East New Britain Province,No,,,,,,,,,,,,,,,,,,,,,,,,,,,,,,,,,,,,,,,,
LNM,Langimar Airport,small_airport,-7.223138889,146.2270833,5127,Kapao Rural LLG,Menyamya District,Morobe Province,No,,,,,,,,,,,,,,,,,,,,,,,,,,,,,,,,,,,,,,,,
LHP,Lehu Airport,closed,-6.527493,155.712442,1770,Buin LLG,South Bougainville District,AutoNomous Region of Bougainville,No,,,,,,,,,,,,,,,,,,,,,,,,,,,,,,,,,,,,,,,,
LTF,Leitre Airport,small_airport,-2.8337,141.6257,32,Bewani/Wutung Onei Rural LLG,Vanimo/Green River District,West Sepik (Sandaun) Province,No,,,,,,,,,,,,,,,,,,,,,,,,,,,,,,,,,,,,,,,,
AYLE,Lele Airstrip,small_airport,-5.2192,151.3938,1600,Central/Inland Pomio LLG,Pomio District,East New Britain Province,No,,,,,,,,,,,,,,,,,,,,,,,,,,,,,,,,,,,,,,,,
LNC,Lengbati Airport,small_airport,-6.384611111,147.3686389,5750,Burum Kwat LLG,Finschafen District,Morobe Province,No,,,,,,,,,,,,,,,,,,,,,,,,,,,,,,,,,,,,,,,,
AYLP,Leron Plains Airport,small_airport,-6.3917,146.3434,680,Umi/Atzera Rural LLG,Markham District,Morobe Province,No,,,,,,,,,,,,,,,,,,,,,,,,,,,,,,,,,,,,,,,,
AYLS,Lese Airport,small_airport,-8.2799,146.2765,40,East Kerema Rural LLG,Kerema District,Gulf Province,No,,,,,,,,,,,,,,,,,,,,,,,,,,,,,,,,,,,,,,,,
LNQ,Loani Airport,closed,-10.5815,150.5931,150,Bwanabwana Rural LLG,Samarai-Murua District,Milne Bay Province,No,,,,,,,,,,,,,,,,,,,,,,,,,,,,,,,,,,,,,,,,
AYKY,Londolovit Airport,small_airport,-3.043610096,152.6289978,167,Nimamar Rural LLG,Namatanai District,New Ireland Province,No,,,,,,,,,,,,,,,,,,,,,,,,,,,,,,,,,,,,,,,,
AYLX,Long Island Airport,small_airport,-5.3604,147.0177,116,Rai Coast Rural LLG,Rai Coast District,Madang Province,No,,,,,,,,,,,,,,,,,,,,,,,,,,,,,,,,,,,,,,,,
PG-0062,Lorengau Airfield,closed,-2.0201,147.2664,27,Lorengau Urban LLG,Manus District,Manus Province,No,,,,,,,,,,,,,,,,,,,,,,,,,,,,,,,,,,,,,,,,
AYKA,Losuia Airport,small_airport,-8.505820274,151.0809937,27,Kiriwina Rural LLG,Kiriwina-GoodeNough District,Milne Bay Province,No,,,,,,,,,,,,,,,,,,,,,,,,,,,,,,,,,,,,,,,,
PG-0084,Lou Island Airstrip,closed,-2.378,147.3627,150,Balopa LLG,Manus District,Manus Province,No,,,,,,,,,,,,,,,,,,,,,,,,,,,,,,,,,,,,,,,,
AYLO,Lowai Airport,small_airport,-6.3344,146.6458,2900,Wain-Erap Rural LLG,Nawae District,Morobe Province,No,,,,,,,,,,,,,,,,,,,,,,,,,,,,,,,,,,,,,,,,
PG-LMI,Lumi Airport,small_airport,-3.476839511,142.0412922,1750,East Wapei Rural LLG,Aitape/Lumi District,West Sepik (Sandaun) Province,No,,,,,,,,,,,,,,,,,,,,,,,,,,,,,,,,,,,,,,,,
PG-0033,Lumusa Airstrip,small_airport,-5.527777778,144.0655556,4943,Lumusa Rural LLG,Mul/Baiyer District,Western Highlands Province,No,,,,,,,,,,,,,,,,,,,,,,,,,,,,,,,,,,,,,,,,
AYMD,Madang Airport,medium_airport,-5.207079887,145.7890015,20,Madang Urban LLG,Madang District,Madang Province,No,,,,,,,,,,,,,,,,,,,,,,,,,,,,,,,,,,,,,,,,
MPG,Makini Airport,small_airport,-6.532222222,147.6511667,2530,Yabim Mape Rural LLG,Finschafen District,Morobe Province,No,,,,,,,,,,,,,,,,,,,,,,,,,,,,,,,,,,,,,,,,
MLQ,Malalaua Airport,small_airport,-8.071388889,146.1554722,20,Lakekamu-Tauri Rural LLG,Kerema District,Gulf Province,No,,,,,,,,,,,,,,,,,,,,,,,,,,,,,,,,,,,,,,,,
MQO,Malam Airport,small_airport,-8.709166667,142.6497222,126,Morehead Rural LLG,South Fly District,Western Province,No,,,,,,,,,,,,,,,,,,,,,,,,,,,,,,,,,,,,,,,,
PG-0034,Malamaunda Airstrip,small_airport,-4.919277778,143.1614167,2350,Karawari Rural LLG,Angoram District,East Sepik Province,No,,,,,,,,,,,,,,,,,,,,,,,,,,,,,,,,,,,,,,,,
MKN,Malekolon Airport,small_airport,-4.023430556,153.6572778,5,Tanir Rural LLG,Namatanai District,New Ireland Province,No,,,,,,,,,,,,,,,,,,,,,,,,,,,,,,,,,,,,,,,,
MAP,Mamai Airport,small_airport,-10.29083333,149.5191667,90,Amazon Bay Rural LLG,Abau District,Central Province,No,,,,,,,,,,,,,,,,,,,,,,,,,,,,,,,,,,,,,,,,
AYMA,Manari Airport,small_airport,-9.1908,147.6219,2630,Koiari Rural LLG,Kairuku - Hiri District,Central Province,No,,,,,,,,,,,,,,,,,,,,,,,,,,,,,,,,,,,,,,,,
MVI,Manetai Airport,closed,-6.12,155.39,170,Arawa LLG,Central Bougainville District,AutoNomous Region of Bougainville,No,,,,,,,,,,,,,,,,,,,,,,,,,,,,,,,,,,,,,,,,
MGP,Manga Airport,small_airport,-4.147,153.0186,60,KoNoagil Rural LLG,Namatanai District,New Ireland Province,No,,,,,,,,,,,,,,,,,,,,,,,,,,,,,,,,,,,,,,,,
AYNG,Manguna Airport,small_airport,-5.577778,151.792333,187,Central/Inland Pomio LLG,Pomio District,East New Britain Province,No,,,,,,,,,,,,,,,,,,,,,,,,,,,,,,,,,,,,,,,,
UUU,Manumu Airport,small_airport,-9.0746,147.5735,1800,Koiari Rural LLG,Kairuku - Hiri District,Central Province,No,,,,,,,,,,,,,,,,,,,,,,,,,,,,,,,,,,,,,,,,
PG-0076,Mapaio Airstrip,closed,-7.656,145.045,55,Baimuru Rural LLG,Kikori District,Gulf Province,No,,,,,,,,,,,,,,,,,,,,,,,,,,,,,,,,,,,,,,,,
AYPO,Mapoda Airport,small_airport,-7.979,143.1694,45,Gogodala Rural LLG,Middle Fly District,Western Province,No,,,,,,,,,,,,,,,,,,,,,,,,,,,,,,,,,,,,,,,,
MPU,Mapua(Mabua) Airport,small_airport,-2.811388889,151.9911111,40,Sentral Niu Ailan Rural LLG,Namatanai District,New Ireland Province,No,,,,,,,,,,,,,,,,,,,,,,,,,,,,,,,,,,,,,,,,
AYRL,Maralina Airstrip,small_airport,-6.9015,146.3698,431,Wampar Rural LLG,Huon District,Morobe Province,No,,,,,,,,,,,,,,,,,,,,,,,,,,,,,,,,,,,,,,,,
AYRM,Maramuni Airport,small_airport,-5.13,143.4829,5160,Maramuni Rural LLG,Wabag District,Enga Province,No,,,,,,,,,,,,,,,,,,,,,,,,,,,,,,,,,,,,,,,,
AYMW,Marawaka Airport,small_airport,-6.9736,145.8849,6050,Yelia Rural LLG,Obura/Wonenara District,Eastern Highlands Province,No,,,,,,,,,,,,,,,,,,,,,,,,,,,,,,,,,,,,,,,,
MGG,Margarima Airport,closed,-5.979,143.3595,7291,Upper Wage LLG,Komo/Magarima District,Hela Province,No,,,,,,,,,,,,,,,,,,,,,,,,,,,,,,,,,,,,,,,,
MNP,Maron Island Airport,closed,-1.5504,145.0168,4,Nigoherm LLG,Manus District,Manus Province,No,,,,,,,,,,,,,,,,,,,,,,,,,,,,,,,,,,,,,,,,
AYSX,Masa Airport,small_airport,-6.345,147.591,5900,Sialum Rural LLG,Tawae/Siassi District,Morobe Province,No,,,,,,,,,,,,,,,,,,,,,,,,,,,,,,,,,,,,,,,,
PG-0083,Matkomnae Airstrip,small_airport,-5.817,141.1614,170,Ningerum Rural LLG,North Fly District,Western Province,No,,,,,,,,,,,,,,,,,,,,,,,,,,,,,,,,,,,,,,,,
AYRV,May River Airstrip,small_airport,-4.3615,141.785,107,Tunap/Hustein LLG,Ambunti/Drekikier District,East Sepik Province,No,,,,,,,,,,,,,,,,,,,,,,,,,,,,,,,,,,,,,,,,
AYEK,Membok Airstrip,small_airport,-6.4744,141.019,54,Kiunga Rural LLG,North Fly District,Western Province,No,,,,,,,,,,,,,,,,,,,,,,,,,,,,,,,,,,,,,,,,
AYMN,Mendi Airport,medium_airport,-6.14774,143.656998,5680,Mendi Urban LLG,Mendi/Munihu District,Southern Highlands Province,No,,,,,,,,,,,,,,,,,,,,,,,,,,,,,,,,,,,,,,,,
AYEG,Mengina Airstrip,small_airport,-6.4836,144.986,4224,Karimui Rural LLG,Karimui/Nomane District,Chimbu (Simbu) Province,No,,,,,,,,,,,,,,,,,,,,,,,,,,,,,,,,,,,,,,,,
MYX,Menyamya Airport,small_airport,-7.211666667,146.0193611,3880,Kome Rural LLG,Menyamya District,Morobe Province,No,,,,,,,,,,,,,,,,,,,,,,,,,,,,,,,,,,,,,,,,
AYes,Meselia Airport,small_airport,-6.1364,149.1183,180,Kandrian Coastal Rural LLG,Kandrian/Gloucester District,West New Britain Province,No,,,,,,,,,,,,,,,,,,,,,,,,,,,,,,,,,,,,,,,,
AYEI,Milei Airstrip,small_airport,-9.0794,147.602,2160,Koiari Rural LLG,Kairuku - Hiri District,Central Province,No,,,,,,,,,,,,,,,,,,,,,,,,,,,,,,,,,,,,,,,,
MXK,Mindik Airport,small_airport,-6.471666667,147.4411389,4200,Burum Kwat LLG,Finschafen District,Morobe Province,No,,,,,,,,,,,,,,,,,,,,,,,,,,,,,,,,,,,,,,,,
AYEY,Mirsey Airstrip,small_airport,-4.0621,142.6609,107,Ambunti Rural LLG,Ambunti/Drekikier District,East Sepik Province,No,,,,,,,,,,,,,,,,,,,,,,,,,,,,,,,,,,,,,,,,
AYMS,Misima Island Airport,small_airport,-10.6892004,152.8379974,26,Louisiade Rural LLG,Samarai-Murua District,Milne Bay Province,No,,,,,,,,,,,,,,,,,,,,,,,,,,,,,,,,,,,,,,,,
MPX,Miyanmin Airport,small_airport,-4.903055556,141.6208333,2500,Telefomin Rural LLG,Telefomin District,West Sepik (Sandaun) Province,No,,,,,,,,,,,,,,,,,,,,,,,,,,,,,,,,,,,,,,,,
AYOX,Moi Airstrip,small_airport,-4.1615,141.2478,240,Green River Rural LLG,Vanimo/Green River District,West Sepik (Sandaun) Province,No,,,,,,,,,,,,,,,,,,,,,,,,,,,,,,,,,,,,,,,,
AYMK,Mok Airport,small_airport,-5.730238,149.056583,1050,Kove/Kaliai Rural LLG,Kandrian/Gloucester District,West New Britain Province,No,,,,,,,,,,,,,,,,,,,,,,,,,,,,,,,,,,,,,,,,
MJJ,Moki Airport,small_airport,-5.7181,145.2404,3030,Bundi Rural LLG,UsiNo Bundi District,Madang Province,No,,,,,,,,,,,,,,,,,,,,,,,,,,,,,,,,,,,,,,,,
AYMO,Momote Airport,medium_airport,-2.06189,147.423996,12,Los Negros LLG,Manus District,Manus Province,No,,,,,,,,,,,,,,,,,,,,,,,,,,,,,,,,,,,,,,,,
MHY,Morehead Airport,small_airport,-8.714111111,141.6444444,100,Morehead Rural LLG,South Fly District,Western Province,No,,,,,,,,,,,,,,,,,,,,,,,,,,,,,,,,,,,,,,,,
AYMR,Moro Airport,small_airport,-6.363329887,143.2380066,2740,Lake Kutubu Rural LLG,Nipa/Kutubu District,Southern Highlands Province,No,,,,,,,,,,,,,,,,,,,,,,,,,,,,,,,,,,,,,,,,
AYML,Mougulu Airport,small_airport,-6.280859,142.420775,825,Nomad Rural LLG,Middle Fly District,Western Province,No,,,,,,,,,,,,,,,,,,,,,,,,,,,,,,,,,,,,,,,,
UAE,Mount Aue Airport,small_airport,-6.234166667,144.6647222,4250,South Waghi Rural LLG,Anglimp/South Waghi District,Jiwaka Province,No,,,,,,,,,,,,,,,,,,,,,,,,,,,,,,,,,,,,,,,,
AYRX,Mount Boregoro Helicopter Landing  Site,heliport,-9.8944,148.1069,898,Rigo Inland Rural LLG,Rigo District,Central Province,No,,,,,,,,,,,,,,,,,,,,,,,,,,,,,,,,,,,,,,,,
AYMH,Mount Hagen Kagamuga Airport,medium_airport,-5.826789856,144.2960052,5388,Mt Hagen Rural LLG,Mt Hagen District,Western Highlands Province,No,,,,,,,,,,,,,,,,,,,,,,,,,,,,,,,,,,,,,,,,
AYYT,Mount Tauwa Airstrip,small_airport,-6.7293,144.303,3700,Erave Rural LLG,Kagua/Erave District,Southern Highlands Province,No,,,,,,,,,,,,,,,,,,,,,,,,,,,,,,,,,,,,,,,,
AYYU,Mui Airstrip,small_airport,-4.7912,144.3113,132,Arabaka Rural LLG,Middle Ramu District,Madang Province,No,,,,,,,,,,,,,,,,,,,,,,,,,,,,,,,,,,,,,,,,
LNF,Munbil Airport,small_airport,-4.855941,141.220165,3126,Yapsie Rural LLG,Telefomin District,West Sepik (Sandaun) Province,No,,,,,,,,,,,,,,,,,,,,,,,,,,,,,,,,,,,,,,,,
AYDK,Munduku Airport,small_airport,-4.6204,143.4516,100,Karawari Rural LLG,Angoram District,East Sepik Province,No,,,,,,,,,,,,,,,,,,,,,,,,,,,,,,,,,,,,,,,,
PG-0082,Muschu Airstrip,closed,-3.4097,143.58,242,Wewak Islands Rural LLG,Wewak District,East Sepik Province,Yes,,,,,,,,,,,,,,,,,,,,,,,,,,,,,,,,,,,,,,,,
AYUL,Musula Airstrip,small_airport,-6.8385,142.8983,740,Bamu Rural LLG,Middle Fly District,Western Province,Yes,,,,,,,,,,,,,,,,,,,,,,,,,,,,,,,,,,,,,,,,
NDN,Nadunumu Airport,small_airport,-9.143555556,147.68425,5100,Koiari Rural LLG,Kairuku - Hiri District,Central Province,Yes,,,,,,,,,,,,,,,,,,,,,,,,,,,,,,,,,,,,,,,,
AYNZ,Nadzab Airport,medium_airport,-6.569803,146.725977,239,Wampar Rural LLG,Huon District,Morobe Province,Yes,,,,,,,,,,,,,,,,,,,,,,,,,,,,,,,,,,,,,,,,
ATN,Namatanai Airport,small_airport,-3.6695,152.438,150,Namatanai Rural LLG,Namatanai District,New Ireland Province,Yes,,,,,,,,,,,,,,,,,,,,,,,,,,,,,,,,,,,,,,,,
AYNY,Nambaiyufa Airport,small_airport,-6.2412,145.2424,5550,Siane Rural LLG,Chuave District,Chimbu (Simbu) Province,Yes,,,,,,,,,,,,,,,,,,,,,,,,,,,,,,,,,,,,,,,,
NDI,Namudi Airport,small_airport,-9.47375,148.3294167,1044,Safia Rural LLG,Ijivitari District,Northern (Oro) Province,Yes,,,,,,,,,,,,,,,,,,,,,,,,,,,,,,,,,,,,,,,,
AYNA,Nankina Airport,small_airport,-5.837,146.4533,5800,Rai Coast Rural LLG,Rai Coast District,Madang Province,Yes,,,,,,,,,,,,,,,,,,,,,,,,,,,,,,,,,,,,,,,,
NoO,Naoro Airport,small_airport,-9.254455,147.621352,2372,Koiari Rural LLG,Kairuku - Hiri District,Central Province,Yes,,,,,,,,,,,,,,,,,,,,,,,,,,,,,,,,,,,,,,,,
AYNE,Negarbo(Negabo) Airport,small_airport,-6.567778,144.703058,4500,Karimui Rural LLG,Karimui/Nomane District,Chimbu (Simbu) Province,Yes,,,,,,,,,,,,,,,,,,,,,,,,,,,,,,,,,,,,,,,,
NPG,Nipa Airport,small_airport,-6.1454,143.4531,5765,Nipa Rural LLG,Nipa/Kutubu District,Southern Highlands Province,Yes,,,,,,,,,,,,,,,,,,,,,,,,,,,,,,,,,,,,,,,,
PG-IIS,Nissan Island Airport,small_airport,-4.499720097,154.2259979,52,Nissan LLG,North Bougainville District,AutoNomous Region of Bougainville,Yes,,,,,,,,,,,,,,,,,,,,,,,,,,,,,,,,,,,,,,,,
NoM,Nomad River Airport,small_airport,-6.294,142.2341667,305,Nomad Rural LLG,Middle Fly District,Western Province,Yes,,,,,,,,,,,,,,,,,,,,,,,,,,,,,,,,,,,,,,,,
AYNo,Nomane Airport,small_airport,-6.32183,145.070667,6032,Nomane Rural LLG,Karimui/Nomane District,Chimbu (Simbu) Province,Yes,,,,,,,,,,,,,,,,,,,,,,,,,,,,,,,,,,,,,,,,
AYRN,Norambi Airstrip.,small_airport,-6.9125,145.6731,5100,Yelia Rural LLG,Obura/Wonenara District,Eastern Highlands Province,Yes,,,,,,,,,,,,,,,,,,,,,,,,,,,,,,,,,,,,,,,,
PG-0035,Nowata Airport,small_airport,-9.984166667,149.7291667,2040,Weraura Rural LLG,Alotau District,Milne Bay Province,No,,,,,,,,,,,,,,,,,,,,,,,,,,,,,,,,,,,,,,,,
NWT,Nowata Airport,small_airport,-9.984166667,149.7291667,2040,Weraura Rural LLG,Alotau District,Milne Bay Province,No,,,,,,,,,,,,,,,,,,,,,,,,,,,,,,,,,,,,,,,,
AYWN,Nugwaia Airstrip,small_airport,-3.8183,142.835,279,North Wosera Rural LLG,Wosera Gawi District,East Sepik Province,No,,,,,,,,,,,,,,,,,,,,,,,,,,,,,,,,,,,,,,,,
PG-UKU,Nuku Airport,small_airport,-3.676651,142.484334,870,Mawase Rural LLG,Nuku District,West Sepik (Sandaun) Province,No,,,,,,,,,,,,,,,,,,,,,,,,,,,,,,,,,,,,,,,,
PG-OBX,Obo Airport,small_airport,-7.590622421,141.3242626,29,Lake Murray Rural LLG,Middle Fly District,Western Province,No,,,,,,,,,,,,,,,,,,,,,,,,,,,,,,,,,,,,,,,,
AYOD,Obura Airstrip,small_airport,-6.5507,145.9728,5600,Lamari Rural LLG,Obura/Wonenara District,Eastern Highlands Province,No,,,,,,,,,,,,,,,,,,,,,,,,,,,,,,,,,,,,,,,,
OGE,Ogeranang Airport,small_airport,-6.46675,147.3641667,5850,Burum Kwat LLG,Finschafen District,Morobe Province,No,,,,,,,,,,,,,,,,,,,,,,,,,,,,,,,,,,,,,,,,
OKV,Okao Airport,small_airport,-5.556666667,141.0327778,450,Ningerum Rural LLG,North Fly District,Western Province,No,,,,,,,,,,,,,,,,,,,,,,,,,,,,,,,,,,,,,,,,
AYOH,Okisai Airstrip,small_airport,-4.7065,141.9006,310,Telefomin Rural LLG,Telefomin District,West Sepik (Sandaun) Province,No,,,,,,,,,,,,,,,,,,,,,,,,,,,,,,,,,,,,,,,,
AYOJ,Oksapmin Airport,small_airport,-5.2261,142.2259,5140,Oksapmin Rural LLG,Telefomin District,West Sepik (Sandaun) Province,No,,,,,,,,,,,,,,,,,,,,,,,,,,,,,,,,,,,,,,,,
OLQ,Olsobip Airport,small_airport,-5.389722222,141.5152778,1500,Olsobip Rural LLG,North Fly District,Western Province,No,,,,,,,,,,,,,,,,,,,,,,,,,,,,,,,,,,,,,,,,
AYUO,Omaura Airstrip,small_airport,-6.3679,145.9902,4860,KamaNo No. 2 Rural LLG,Kainanatu District,Eastern Highlands Province,No,,,,,,,,,,,,,,,,,,,,,,,,,,,,,,,,,,,,,,,,
OML,Omkalai Airport,closed,-6.179,144.96,5700,Suai Rural LLG,Sina Sina Yonggomugl District,Chimbu (Simbu) Province,No,,,,,,,,,,,,,,,,,,,,,,,,,,,,,,,,,,,,,,,,
OSE,Omora Airport,small_airport,-7.827777778,147.0806389,2540,Waria Rural LLG,Bulolo District,Morobe Province,No,,,,,,,,,,,,,,,,,,,,,,,,,,,,,,,,,,,,,,,,
ONB,ONonge Airport,small_airport,-8.674361111,147.2624167,5800,Woitape Rural LLG,Goilala District,Central Province,No,,,,,,,,,,,,,,,,,,,,,,,,,,,,,,,,,,,,,,,,
RAX,Oram Airport,small_airport,-9.632916667,148.0480556,3500,Rigo Inland Rural LLG,Rigo District,Central Province,No,,,,,,,,,,,,,,,,,,,,,,,,,,,,,,,,,,,,,,,,
OTY,Oria Airport,small_airport,-6.577613,155.771022,551,Buin LLG,South Bougainville District,AutoNomous Region of Bougainville,No,,,,,,,,,,,,,,,,,,,,,,,,,,,,,,,,,,,,,,,,
PG-0053,Oriomo Airstrip,small_airport,-8.86,143.18,66,Oriomo-Bituri Rural LLG,South Fly District,Western Province,No,,,,,,,,,,,,,,,,,,,,,,,,,,,,,,,,,,,,,,,,
OSG,Ossima Airport,small_airport,-2.915555556,141.2973056,205,Bewani/Wutung Onei Rural LLG,Vanimo/Green River District,West Sepik (Sandaun) Province,No,,,,,,,,,,,,,,,,,,,,,,,,,,,,,,,,,,,,,,,,
AYZU,Oum Airstrip,small_airport,-4.2684,142.1273,80,Ambunti Rural LLG,Ambunti/Drekikier District,East Sepik Province,No,,,,,,,,,,,,,,,,,,,,,,,,,,,,,,,,,,,,,,,,
PG-0050,Owena Airstrip,small_airport,-6.6962,145.8094,5500,Lamari Rural LLG,Obura/Wonenara District,Eastern Highlands Province,No,,,,,,,,,,,,,,,,,,,,,,,,,,,,,,,,,,,,,,,,
PLE,Paiela Airport,small_airport,-5.3725,142.9761111,6100,Paiela/Hewa Rural LLG,Lagaip/Pogera District,Enga Province,No,,,,,,,,,,,,,,,,,,,,,,,,,,,,,,,,,,,,,,,,
AYPW,Panakawa Airport,small_airport,-7.672055556,143.1247222,42,Bamu Rural LLG,Middle Fly District,Western Province,No,,,,,,,,,,,,,,,,,,,,,,,,,,,,,,,,,,,,,,,,
PG-0070,Panasesa Airstrip,small_airport,-10.739,151.7255,13,Bwanabwana Rural LLG,Samarai-Murua District,Milne Bay Province,No,,,,,,,,,,,,,,,,,,,,,,,,,,,,,,,,,,,,,,,,
AYPG,Pangia Airport,small_airport,-6.386,144.1084,5340,East Pangia Rural LLG,Ialibu/Pangia District,Southern Highlands Province,No,,,,,,,,,,,,,,,,,,,,,,,,,,,,,,,,,,,,,,,,
AYPC,Pangoa Airport,small_airport,-7.0226,141.5605,60,Lake Murray Rural LLG,Middle Fly District,Western Province,No,,,,,,,,,,,,,,,,,,,,,,,,,,,,,,,,,,,,,,,,
PPX,Param Airport,small_airport,-9.99,149.477,4490,Daga Rural LLG,Alotau District,Milne Bay Province,No,,,,,,,,,,,,,,,,,,,,,,,,,,,,,,,,,,,,,,,,
PG-0036,Pasinkap Airstrip,small_airport,-5.015416667,144.8421389,255,Arabaka Rural LLG,Middle Ramu District,Madang Province,No,,,,,,,,,,,,,,,,,,,,,,,,,,,,,,,,,,,,,,,,
PMP,Pimaga Airport,small_airport,-6.499166667,143.5102778,2745,Lake Kutubu Rural LLG,Nipa/Kutubu District,Southern Highlands Province,No,,,,,,,,,,,,,,,,,,,,,,,,,,,,,,,,,,,,,,,,
PDI,Pindiu Airport,small_airport,-6.445138889,147.5158333,2995,Hube Rural LLG,Finschafen District,Morobe Province,No,,,,,,,,,,,,,,,,,,,,,,,,,,,,,,,,,,,,,,,,
RGE,Porgera Airport,closed,-5.4792,143.1236,7360,Porgera Rural LLG,Lagaip/Pogera District,Enga Province,No,,,,,,,,,,,,,,,,,,,,,,,,,,,,,,,,,,,,,,,,
PG-0071,Pori Airstrip,small_airport,-5.5782,142.7065,5235,Awi/Pori Rural LLG,Koroba/Kopiago District,Hela Province,No,,,,,,,,,,,,,,,,,,,,,,,,,,,,,,,,,,,,,,,,
AYPY,Port Moresby Jacksons International Airport,large_airport,-9.443380356,147.2200012,146,National Capital District,National Capital District,National Capital District,No,,,,,,,,,,,,,,,,,,,,,,,,,,,,,,,,,,,,,,,,
PUA,Puas Airport,small_airport,-2.395,150.2361,45,Lovongai Rural LLG,Kavieng District,New Ireland Province,No,,,,,,,,,,,,,,,,,,,,,,,,,,,,,,,,,,,,,,,,
PG-0054,Pukapuki Airstrip,small_airport,-4.5362,142.5176,124,Tunap/Hustein LLG,Ambunti/Drekikier District,East Sepik Province,No,,,,,,,,,,,,,,,,,,,,,,,,,,,,,,,,,,,,,,,,
AYPQ,Pumani Airport,small_airport,-9.7469,149.4766,427,Makamaka Rural LLG,Alotau District,Milne Bay Province,No,,,,,,,,,,,,,,,,,,,,,,,,,,,,,,,,,,,,,,,,
PG-0037,Purari Airstrip,small_airport,-7.391111111,145.166519,90,Baimuru Rural LLG,Kikori District,Gulf Province,No,,,,,,,,,,,,,,,,,,,,,,,,,,,,,,,,,,,,,,,,
PUI,Pureni Airport,closed,-5.8429,142.8279,5512,South Koroba Rural LLG,Koroba/Kopiago District,Hela Province,No,,,,,,,,,,,,,,,,,,,,,,,,,,,,,,,,,,,,,,,,
AYPU,Puri Airport,small_airport,-6.475161111,143.9872222,6050,Kuare Rural LLG,Kagua/Erave District,Southern Highlands Province,No,,,,,,,,,,,,,,,,,,,,,,,,,,,,,,,,,,,,,,,,
RBP,Raba Raba Airport,small_airport,-9.971111111,149.8322222,170,Weraura Rural LLG,Alotau District,Milne Bay Province,No,,,,,,,,,,,,,,,,,,,,,,,,,,,,,,,,,,,,,,,,
RAA,Rakanda Airport,small_airport,-4.2096,152.4385,38,Duke of York Rural LLG,Kokopo District,East New Britain Province,No,,,,,,,,,,,,,,,,,,,,,,,,,,,,,,,,,,,,,,,,
RNR,Robinson River Airport,closed,-10.171,148.823,60,Cloudy Bay Rural LLG,Abau District,Central Province,No,,,,,,,,,,,,,,,,,,,,,,,,,,,,,,,,,,,,,,,,
AYRG,Rumginae Airport,small_airport,-5.897222222,141.2716667,160,Kiunga Rural LLG,North Fly District,Western Province,No,,,,,,,,,,,,,,,,,,,,,,,,,,,,,,,,,,,,,,,,
RUU,Ruti Airport,small_airport,-5.334444444,144.2566667,1710,Baiyer Rural LLG,Mul/Baiyer District,Western Highlands Province,No,,,,,,,,,,,,,,,,,,,,,,,,,,,,,,,,,,,,,,,,
AYSH,Sabah Airport,small_airport,-5.5765,155.0489,10,Tinputz LLG,North Bougainville District,AutoNomous Region of Bougainville,No,,,,,,,,,,,,,,,,,,,,,,,,,,,,,,,,,,,,,,,,
SFU,Safia Airport,small_airport,-9.593055556,148.6361111,430,Safia Rural LLG,Ijivitari District,Northern (Oro) Province,No,,,,,,,,,,,,,,,,,,,,,,,,,,,,,,,,,,,,,,,,
SDI,Saidor Airport,small_airport,-5.627138889,146.4627778,83,Rai Coast Rural LLG,Rai Coast District,Madang Province,No,,,,,,,,,,,,,,,,,,,,,,,,,,,,,,,,,,,,,,,,
SAM,Salamo Airport,small_airport,-9.6701,150.7903,30,Dobu Rural LLG,Esa'ala District,Milne Bay Province,No,,,,,,,,,,,,,,,,,,,,,,,,,,,,,,,,,,,,,,,,
AYSZ,Samanzing Airstrip,small_airport,-6.4513,147.0673,6042,Nabak Rural LLG,Nawae District,Morobe Province,No,,,,,,,,,,,,,,,,,,,,,,,,,,,,,,,,,,,,,,,,
PG-0055,Samban Airstrip,small_airport,-4.3655,144.0612,42,Keram Rural LLG,Angoram District,East Sepik Province,No,,,,,,,,,,,,,,,,,,,,,,,,,,,,,,,,,,,,,,,,
AYSM,Samberigi Airstrip,small_airport,-6.7193,143.9338,3830,Erave Rural LLG,Kagua/Erave District,Southern Highlands Province,No,,,,,,,,,,,,,,,,,,,,,,,,,,,,,,,,,,,,,,,,
AYSR,Sangera Airstrip,small_airport,-3.9678,143.2763,127,East Yangoru Rural LLG,Yangoru Saussia District,East Sepik Province,No,,,,,,,,,,,,,,,,,,,,,,,,,,,,,,,,,,,,,,,,
SMH,Sapmanga Airport,small_airport,-6.075277778,146.8111111,2912,Yus Rural LLG,Kabwum District,Morobe Province,No,,,,,,,,,,,,,,,,,,,,,,,,,,,,,,,,,,,,,,,,
TDS,Sasereme Airport,small_airport,-7.6217,142.868,121,Bamu Rural LLG,Middle Fly District,Western Province,No,,,,,,,,,,,,,,,,,,,,,,,,,,,,,,,,,,,,,,,,
SWG,Satwag Airport,small_airport,-6.139555556,147.2791667,4185,Komba Rural LLG,Kabwum District,Morobe Province,No,,,,,,,,,,,,,,,,,,,,,,,,,,,,,,,,,,,,,,,,
AYSV,Sauren Airport,small_airport,-5.9701,148.8543,46,Kandrian Coastal Rural LLG,Kandrian/Gloucester District,West New Britain Province,No,,,,,,,,,,,,,,,,,,,,,,,,,,,,,,,,,,,,,,,,
SXH,Sehulea Airport,small_airport,-9.964527778,151.1618611,30,Duau Rural LLG,Esa'ala District,Milne Bay Province,No,,,,,,,,,,,,,,,,,,,,,,,,,,,,,,,,,,,,,,,,
AYSO,Selbang Airport,small_airport,-5.315,141.752,5130,Olsobip Rural LLG,North Fly District,Western Province,No,,,,,,,,,,,,,,,,,,,,,,,,,,,,,,,,,,,,,,,,
AYSI,Seltamin Airstrip,small_airport,-5.4122,141.8252,4285,Olsobip Rural LLG,North Fly District,Western Province,No,,,,,,,,,,,,,,,,,,,,,,,,,,,,,,,,,,,,,,,,
PG-0038,Sengapi Airstrip,small_airport,-5.125833333,144.3236111,6242,Kovon LLG,Middle Ramu District,Madang Province,No,,,,,,,,,,,,,,,,,,,,,,,,,,,,,,,,,,,,,,,,
AYSQ,Sepik Plains Airport,small_airport,-3.8821,143.6734,230,Sausso Rural LLG,Yangoru Saussia District,East Sepik Province,No,,,,,,,,,,,,,,,,,,,,,,,,,,,,,,,,,,,,,,,,
AYSY,Serra Airstrip,small_airport,-2.9739,141.9297,37,West Aitape Rural LLG,Aitape/Lumi District,West Sepik (Sandaun) Province,No,,,,,,,,,,,,,,,,,,,,,,,,,,,,,,,,,,,,,,,,
AYQS,Sialum Airport,small_airport,-6.0908,147.5955,170,Sialum Rural LLG,Tawae/Siassi District,Morobe Province,No,,,,,,,,,,,,,,,,,,,,,,,,,,,,,,,,,,,,,,,,
SSS,Siassi Airport,small_airport,-5.5965,147.8106,1250,Siassi Rural LLG,Tawae/Siassi District,Morobe Province,No,,,,,,,,,,,,,,,,,,,,,,,,,,,,,,,,,,,,,,,,
AYZW,Siawi Airstrip,small_airport,-4.061,141.4197,230,Green River Rural LLG,Vanimo/Green River District,West Sepik (Sandaun) Province,No,,,,,,,,,,,,,,,,,,,,,,,,,,,,,,,,,,,,,,,,
AYZB,Sibilanga Airstrip,small_airport,-3.4458,142.501,2330,Palmai Rural LLG,Nuku District,West Sepik (Sandaun) Province,No,,,,,,,,,,,,,,,,,,,,,,,,,,,,,,,,,,,,,,,,
AYSG,Sila Airport,small_airport,-9.073555556,148.38925,2230,Afore Rural LLG,Ijivitari District,Northern (Oro) Province,Yes,,,,,,,,,,,,,,,,,,,,,,,,,,,,,,,,,,,,,,,,
SWR,Silur Airport,small_airport,-4.529888889,153.0544444,217,KoNoagil Rural LLG,Namatanai District,New Ireland Province,Yes,,,,,,,,,,,,,,,,,,,,,,,,,,,,,,,,,,,,,,,,
AYXI,Sim Airport,small_airport,-7.75,146.9273,5460,Waria Rural LLG,Bulolo District,Morobe Province,Yes,,,,,,,,,,,,,,,,,,,,,,,,,,,,,,,,,,,,,,,,
AYSJ,Simbai Airport,small_airport,-5.278611111,144.5447222,5804,Simbai Rural LLG,Middle Ramu District,Madang Province,Yes,,,,,,,,,,,,,,,,,,,,,,,,,,,,,,,,,,,,,,,,
AYQB,Simbari Airstrip,small_airport,-6.9623,145.6448,3560,Yelia Rural LLG,Obura/Wonenara District,Eastern Highlands Province,Yes,,,,,,,,,,,,,,,,,,,,,,,,,,,,,,,,,,,,,,,,
AYSE,Simberi Airport,small_airport,-2.662222222,151.9977778,10,Sentral Niu Ailan Rural LLG,Namatanai District,New Ireland Province,Yes,,,,,,,,,,,,,,,,,,,,,,,,,,,,,,,,,,,,,,,,
AYQM,Simogu Airstrip,small_airport,-6.8008,145.7134,4990,Yelia Rural LLG,Obura/Wonenara District,Eastern Highlands Province,Yes,,,,,,,,,,,,,,,,,,,,,,,,,,,,,,,,,,,,,,,,
AYDY,Sindeni Airstrip,small_airport,-7.0077,145.7965,5710,Yelia Rural LLG,Obura/Wonenara District,Eastern Highlands Province,Yes,,,,,,,,,,,,,,,,,,,,,,,,,,,,,,,,,,,,,,,,
AYQV,SiNow Airstrip,small_airport,-3.9925,141.5537,183,Green River Rural LLG,Vanimo/Green River District,West Sepik (Sandaun) Province,Yes,,,,,,,,,,,,,,,,,,,,,,,,,,,,,,,,,,,,,,,,
AYSB,Sirebi Airstrip,small_airport,-7.2196,144.2352,115,East Kikori Rural LLG,Kikori District,Gulf Province,Yes,,,,,,,,,,,,,,,,,,,,,,,,,,,,,,,,,,,,,,,,
AYXS,Sisamin Airstrip,small_airport,-5.1363,142.284,1675,Oksapmin Rural LLG,Telefomin District,West Sepik (Sandaun) Province,Yes,,,,,,,,,,,,,,,,,,,,,,,,,,,,,,,,,,,,,,,,
SIZ,SissaNo Airport,small_airport,-2.999444444,142.0445,27,West Aitape Rural LLG,Aitape/Lumi District,West Sepik (Sandaun) Province,Yes,,,,,,,,,,,,,,,,,,,,,,,,,,,,,,,,,,,,,,,,
SWE,Siwea Airport,small_airport,-6.284639,147.580833,5960,Sialum Rural LLG,Tawae/Siassi District,Morobe Province,Yes,,,,,,,,,,,,,,,,,,,,,,,,,,,,,,,,,,,,,,,,
AYLZ,Slai Airstrip,small_airport,-4.0322,143.1831,77,Burui/Kunai Rural LLG,Wosera Gawi District,East Sepik Province,Yes,,,,,,,,,,,,,,,,,,,,,,,,,,,,,,,,,,,,,,,,
AYMY,Smok Airstrip,small_airport,-3.3158,141.2461,729,Walsa Rural LLG,Vanimo/Green River District,West Sepik (Sandaun) Province,No,,,,,,,,,,,,,,,,,,,,,,,,,,,,,,,,,,,,,,,,
AYPA,Somokopa Airstrip,small_airport,-7.0838,142.514,489,Nomad Rural LLG,Middle Fly District,Western Province,No,,,,,,,,,,,,,,,,,,,,,,,,,,,,,,,,,,,,,,,,
AYZQ,Sopise Airstrip,small_airport,-6.7887,144.1593,3450,Erave Rural LLG,Kagua/Erave District,Southern Highlands Province,No,,,,,,,,,,,,,,,,,,,,,,,,,,,,,,,,,,,,,,,,
AYQO,Sopu Airport,small_airport,-8.3038,147.1659,6580,Tapini Rural LLG,Goilala District,Central Province,No,,,,,,,,,,,,,,,,,,,,,,,,,,,,,,,,,,,,,,,,
SMP,Stockholm Airport,small_airport,-4.358,151.533,10,Lassul Baining Rural LLG,Gazelle District,East New Britain Province,No,,,,,,,,,,,,,,,,,,,,,,,,,,,,,,,,,,,,,,,,
AYST,Sturt Island Airport,small_airport,-8.1525,142.2684444,40,Gogodala Rural LLG,Middle Fly District,Western Province,No,,,,,,,,,,,,,,,,,,,,,,,,,,,,,,,,,,,,,,,,
AYSA,Suabi Airport,small_airport,-6.104444444,142.2783333,465,Nomad Rural LLG,Middle Fly District,Western Province,No,,,,,,,,,,,,,,,,,,,,,,,,,,,,,,,,,,,,,,,,
AYUS,Suame Airstrip,small_airport,-8.3684,142.5862,71,Oriomo-Bituri Rural LLG,South Fly District,Western Province,No,,,,,,,,,,,,,,,,,,,,,,,,,,,,,,,,,,,,,,,,
AYXG,Sugu Airstrip,small_airport,-6.3907,143.5565,4105,Poroma Rural LLG,Nipa/Kutubu District,Southern Highlands Province,No,,,,,,,,,,,,,,,,,,,,,,,,,,,,,,,,,,,,,,,,
PG-SKC,Suki Airport,small_airport,-8.0466,141.7222,24,Morehead Rural LLG,South Fly District,Western Province,No,,,,,,,,,,,,,,,,,,,,,,,,,,,,,,,,,,,,,,,,
PG-ULE,Sule Airport,small_airport,-4.974720001,151.2969971,100,Bialla Rural LLG,Talasea District,West New Britain Province,No,,,,,,,,,,,,,,,,,,,,,,,,,,,,,,,,,,,,,,,,
AYQW,Sumwari Airstrip,small_airport,-4.7508,142.3686,465,Tunap/Hustein LLG,Ambunti/Drekikier District,East Sepik Province,No,,,,,,,,,,,,,,,,,,,,,,,,,,,,,,,,,,,,,,,,
SUZ,Suria Airport,closed,-9.032,147.45,2600,Koiari Rural LLG,Kairuku - Hiri District,Central Province,No,,,,,,,,,,,,,,,,,,,,,,,,,,,,,,,,,,,,,,,,
TBA,Tabibuga Airport,closed,-5.5766,144.6508,4400,Jimi Rural LLG,Jimi District,Jiwaka Province,No,,,,,,,,,,,,,,,,,,,,,,,,,,,,,,,,,,,,,,,,
AYTB,Tabubil Airport,small_airport,-5.278610229,141.2259979,1570,Star Mountains Rural LLG,North Fly District,Western Province,No,,,,,,,,,,,,,,,,,,,,,,,,,,,,,,,,,,,,,,,,
PG-ATP,Tadji Airport,small_airport,-3.198191804,142.4309635,33,East Aitape Rural LLG,Aitape/Lumi District,West Sepik (Sandaun) Province,No,,,,,,,,,,,,,,,,,,,,,,,,,,,,,,,,,,,,,,,,
TGL,Tagula Airport,small_airport,-11.33111111,153.2029167,59,Yaleyemba Rural LLG,Samarai-Murua District,Milne Bay Province,No,,,,,,,,,,,,,,,,,,,,,,,,,,,,,,,,,,,,,,,,
AYVL,Talasea Airport,small_airport,-5.2726,150.0089,44,Talasea Rural LLG,Talasea District,West New Britain Province,No,,,,,,,,,,,,,,,,,,,,,,,,,,,,,,,,,,,,,,,,
AYTL,Talbakul Airstrip,small_airport,-6.3708,144.7167,3500,Karimui Rural LLG,Karimui/Nomane District,Chimbu (Simbu) Province,No,,,,,,,,,,,,,,,,,,,,,,,,,,,,,,,,,,,,,,,,
AYTM,Tamo Airstrip,small_airport,-4.7246,144.1529,140,Keram Rural LLG,Angoram District,East Sepik Province,No,,,,,,,,,,,,,,,,,,,,,,,,,,,,,,,,,,,,,,,,
AYTQ,Tapen Airstrip,small_airport,-5.8545,146.6371,5066,Rai Coast Rural LLG,Rai Coast District,Madang Province,No,,,,,,,,,,,,,,,,,,,,,,,,,,,,,,,,,,,,,,,,
AYTC,Tapila Airstrip,small_airport,-8.4188,142.9043,48,Gogodala Rural LLG,Middle Fly District,Western Province,No,,,,,,,,,,,,,,,,,,,,,,,,,,,,,,,,,,,,,,,,
AYTI,Tapini Airport,small_airport,-8.356666667,146.9891667,3100,Tapini Rural LLG,Goilala District,Central Province,No,,,,,,,,,,,,,,,,,,,,,,,,,,,,,,,,,,,,,,,,
TBQ,Tarabo Airport,small_airport,-6.466666667,145.5322222,6100,West Okapa Rural LLG,Okapa District,Eastern Highlands Province,No,,,,,,,,,,,,,,,,,,,,,,,,,,,,,,,,,,,,,,,,
AYTT,Tarakbits Airport,small_airport,-5.614,141.0421,281,Ningerum Rural LLG,North Fly District,Western Province,No,,,,,,,,,,,,,,,,,,,,,,,,,,,,,,,,,,,,,,,,
AYTA,Tari Airport,small_airport,-5.84499979,142.947998,5500,Tari Urban LLG,Tari/Pori District,Hela Province,No,,,,,,,,,,,,,,,,,,,,,,,,,,,,,,,,,,,,,,,,
TSK,Taskul Airport,closed,-2.546,150.4553,100,Lovongai Rural LLG,Kavieng District,New Ireland Province,No,,,,,,,,,,,,,,,,,,,,,,,,,,,,,,,,,,,,,,,,
PG-0078,Tau Airstrip,closed,-3.6835,142.7187,700,Gawanga Rural LLG,Ambunti/Drekikier District,East Sepik Province,No,,,,,,,,,,,,,,,,,,,,,,,,,,,,,,,,,,,,,,,,
TUT,Tauta Airport,closed,-5.8335,145.9341,4200,Naho Rawa Rural LLG,Rai Coast District,Madang Province,No,,,,,,,,,,,,,,,,,,,,,,,,,,,,,,,,,,,,,,,,
AYTW,Tawa Airport,small_airport,-7.4463,146.1067,5020,Nanima Kariba LLG,Menyamya District,Morobe Province,No,,,,,,,,,,,,,,,,,,,,,,,,,,,,,,,,,,,,,,,,
AYTZ,Tekadu Airport,small_airport,-7.6808,146.5503,1310,Wau Rural LLG,Bulolo District,Morobe Province,No,,,,,,,,,,,,,,,,,,,,,,,,,,,,,,,,,,,,,,,,
AYTN,Tekin Airport,small_airport,-5.243666667,142.1651944,5785,Oksapmin Rural LLG,Telefomin District,West Sepik (Sandaun) Province,No,,,,,,,,,,,,,,,,,,,,,,,,,,,,,,,,,,,,,,,,
PG-TFM,Telefomin Airport,small_airport,-5.126080464,141.641922,4950,Telefomin Rural LLG,Telefomin District,West Sepik (Sandaun) Province,No,,,,,,,,,,,,,,,,,,,,,,,,,,,,,,,,,,,,,,,,
AYTP,Tep Tep Airport,small_airport,-5.9553,146.5595,7011,Rai Coast Rural LLG,Rai Coast District,Madang Province,No,,,,,,,,,,,,,,,,,,,,,,,,,,,,,,,,,,,,,,,,
TEO,Terapo Airport,small_airport,-8.169722222,146.1944444,15,Lakekamu-Tauri Rural LLG,Kerema District,Gulf Province,No,,,,,,,,,,,,,,,,,,,,,,,,,,,,,,,,,,,,,,,,
AYTD,Teredau Airport,small_airport,-7.3205,144.6384,100,East Kikori Rural LLG,Kikori District,Gulf Province,No,,,,,,,,,,,,,,,,,,,,,,,,,,,,,,,,,,,,,,,,
TDB,Tetebedi Airport,small_airport,-9.1586,148.0686,3365,Kokoda Rural LLG,Sohe District,Northern (Oro) Province,No,,,,,,,,,,,,,,,,,,,,,,,,,,,,,,,,,,,,,,,,
TFB,Tifalmin Airport,small_airport,-5.1173,141.419,4735,Telefomin Rural LLG,Telefomin District,West Sepik (Sandaun) Province,No,,,,,,,,,,,,,,,,,,,,,,,,,,,,,,,,,,,,,,,,
TBE,Timbunke Airport,small_airport,-4.196633,143.519222,24,Angoram/Middle Sepik LLG,Angoram District,East Sepik Province,No,,,,,,,,,,,,,,,,,,,,,,,,,,,,,,,,,,,,,,,,
TCK,Tinboli Airport,small_airport,-4.0949,143.3838,59,Angoram/Middle Sepik LLG,Angoram District,East Sepik Province,No,,,,,,,,,,,,,,,,,,,,,,,,,,,,,,,,,,,,,,,,
TIG,Tingwon Airport,closed,-2.6053,149.7107,30,Lovongai Rural LLG,Kavieng District,New Ireland Province,No,,,,,,,,,,,,,,,,,,,,,,,,,,,,,,,,,,,,,,,,
AYRR,Tiri Airstrip,small_airport,-6.6815,144.1842,4545,Erave Rural LLG,Kagua/Erave District,Southern Highlands Province,No,,,,,,,,,,,,,,,,,,,,,,,,,,,,,,,,,,,,,,,,
AYVB,Tobou Airstrip,small_airport,-6.4026,147.4223,4732,Burum Kwat LLG,Finschafen District,Morobe Province,No,,,,,,,,,,,,,,,,,,,,,,,,,,,,,,,,,,,,,,,,
AYTK,Tokua Airport,medium_airport,-4.340459824,152.3800049,32,Bitapaka Rural LLG,Kokopo District,East New Britain Province,No,,,,,,,,,,,,,,,,,,,,,,,,,,,,,,,,,,,,,,,,
PG-TLO,Tol Airport,small_airport,-4.980830193,152.0099945,49,Sinivit Rural LLG,Pomio District,East New Britain Province,No,,,,,,,,,,,,,,,,,,,,,,,,,,,,,,,,,,,,,,,,
AYVO,Tonu Airport,small_airport,-6.6552,155.4326,300,Siwai LLG,South Bougainville District,AutoNomous Region of Bougainville,No,,,,,,,,,,,,,,,,,,,,,,,,,,,,,,,,,,,,,,,,
AYVM,Torembi Airport,small_airport,-4.0165,143.1329,90,Burui/Kunai Rural LLG,Wosera Gawi District,East Sepik Province,No,,,,,,,,,,,,,,,,,,,,,,,,,,,,,,,,,,,,,,,,
TOK,Torokina Airport,small_airport,-6.2015,155.063,130,Torokina LLG,South Bougainville District,AutoNomous Region of Bougainville,No,,,,,,,,,,,,,,,,,,,,,,,,,,,,,,,,,,,,,,,,
AYDP,Tsendiap Airstrip,small_airport,-5.3599,144.4462,1565,Jimi Rural LLG,Jimi District,Jiwaka Province,No,,,,,,,,,,,,,,,,,,,,,,,,,,,,,,,,,,,,,,,,
AYTS,Tsewi Airport,small_airport,-7.0695,146.1272,4185,Kome Rural LLG,Menyamya District,Morobe Province,No,,,,,,,,,,,,,,,,,,,,,,,,,,,,,,,,,,,,,,,,
TSI,Tsile Tsile Airport,small_airport,-6.8498,146.3554,500,Wampar Rural LLG,Huon District,Morobe Province,No,,,,,,,,,,,,,,,,,,,,,,,,,,,,,,,,,,,,,,,,
AYQU,Tsumba Airstrip,small_airport,-4.6581,144.6082,89,Arabaka Rural LLG,Middle Ramu District,Madang Province,No,,,,,,,,,,,,,,,,,,,,,,,,,,,,,,,,,,,,,,,,
PG-TFI,Tufi Airport,small_airport,-9.075954437,149.3198395,85,Tufi Rural LLG,Ijivitari District,Northern (Oro) Province,No,,,,,,,,,,,,,,,,,,,,,,,,,,,,,,,,,,,,,,,,
TLP,Tumolbil Airport,small_airport,-4.7748,141.0133,3590,Yapsie Rural LLG,Telefomin District,West Sepik (Sandaun) Province,No,,,,,,,,,,,,,,,,,,,,,,,,,,,,,,,,,,,,,,,,
PG-0090,Turnbull Field,closed,-10.301537,150.38575,100,Huhu Rural LLG,Alotau District,Milne Bay Province,No,,,,,,,,,,,,,,,,,,,,,,,,,,,,,,,,,,,,,,,,
AYUV,Tuvau Airstrip,small_airport,-6.6025,145.8372,5300,Lamari Rural LLG,Obura/Wonenara District,Eastern Highlands Province,No,,,,,,,,,,,,,,,,,,,,,,,,,,,,,,,,,,,,,,,,
AYUC,Umba Airport,small_airport,-7.0214,145.966,5950,Kome Rural LLG,Menyamya District,Morobe Province,No,,,,,,,,,,,,,,,,,,,,,,,,,,,,,,,,,,,,,,,,
AYUR,Upiara Airport,small_airport,-8.5411,142.6503,52,Oriomo-Bituri Rural LLG,South Fly District,Western Province,No,,,,,,,,,,,,,,,,,,,,,,,,,,,,,,,,,,,,,,,,
AYUE,Uroubi Airport,small_airport,-9.5162,148.5591,481,Safia Rural LLG,Ijivitari District,Northern (Oro) Province,No,,,,,,,,,,,,,,,,,,,,,,,,,,,,,,,,,,,,,,,,
AYUX,Usarumpia Airstrip,small_airport,-6.9858,145.8102,5820,Yelia Rural LLG,Obura/Wonenara District,Eastern Highlands Province,No,,,,,,,,,,,,,,,,,,,,,,,,,,,,,,,,,,,,,,,,
USO,UsiNo Airport,closed,-5.5276,145.371,430,UsiNo Rural LLG,UsiNo Bundi District,Madang Province,No,,,,,,,,,,,,,,,,,,,,,,,,,,,,,,,,,,,,,,,,
ATUA,Utai Airstrip,small_airport,-3.386,141.5868,707,Amanab Rural LLG,Vanimo/Green River District,West Sepik (Sandaun) Province,No,,,,,,,,,,,,,,,,,,,,,,,,,,,,,,,,,,,,,,,,
AYUA,Utai Airstrip,small_airport,-3.386,141.5868,707,Amanab Rural LLG,Vanimo/Green River District,West Sepik (Sandaun) Province,No,,,,,,,,,,,,,,,,,,,,,,,,,,,,,,,,,,,,,,,,
AYUZ,Uvol Airport,small_airport,-6.0178,150.9557,15,Melkoi Rural LLG,Pomio District,East New Britain Province,No,,,,,,,,,,,,,,,,,,,,,,,,,,,,,,,,,,,,,,,,
AYVA,Vailala Airstrip,small_airport,-7.7677,145.4857,85,Ihu Rural LLG,Kikori District,Gulf Province,No,,,,,,,,,,,,,,,,,,,,,,,,,,,,,,,,,,,,,,,,
AYVN,Vanimo Airport,medium_airport,-2.6926,141.3028,10,Vanimo Urban LLG,Vanimo/Green River District,West Sepik (Sandaun) Province,No,,,,,,,,,,,,,,,,,,,,,,,,,,,,,,,,,,,,,,,,
VIV,Vivigani Airfield,small_airport,-9.303333333,150.3188889,117,GoodeNough Isla LLG,Kiriwina-GoodeNough District,Milne Bay Province,No,,,,,,,,,,,,,,,,,,,,,,,,,,,,,,,,,,,,,,,,
WAB,Wabag Airport,closed,-5.4915,143.72,6800,Wabag Urban LLG,Wabag District,Enga Province,No,,,,,,,,,,,,,,,,,,,,,,,,,,,,,,,,,,,,,,,,
AYWB,Wabo Airport,small_airport,-6.989444444,145.0751111,132,Baimuru Rural LLG,Kikori District,Gulf Province,No,,,,,,,,,,,,,,,,,,,,,,,,,,,,,,,,,,,,,,,,
WGU,Wagau Airport,closed,-6.8519,146.8022,3853,Buang Rural LLG,Bulolo District,Morobe Province,No,,,,,,,,,,,,,,,,,,,,,,,,,,,,,,,,,,,,,,,,
AYWQ,Wakunai Airport,small_airport,-5.8603,155.2223,20,Wakunai LLG,Central Bougainville District,AutoNomous Region of Bougainville,No,,,,,,,,,,,,,,,,,,,,,,,,,,,,,,,,,,,,,,,,
AGL,Wanigela Airport,small_airport,-9.3375,149.1555556,53,Tufi Rural LLG,Ijivitari District,Northern (Oro) Province,No,,,,,,,,,,,,,,,,,,,,,,,,,,,,,,,,,,,,,,,,
WTT,Wantoat Airport,small_airport,-6.1325,146.4677778,3900,Wantoat/Leron Rural LLG,Markham District,Morobe Province,No,,,,,,,,,,,,,,,,,,,,,,,,,,,,,,,,,,,,,,,,
WNU,Wanuma Airport,small_airport,-4.8961,145.3213,2260,Josephstaal Rural LLG,Middle Ramu District,Madang Province,No,,,,,,,,,,,,,,,,,,,,,,,,,,,,,,,,,,,,,,,,
AYWD,Wapenamanda Airport,medium_airport,-5.643300056,143.8950043,5889,Wapenamanda Rural LLG,Wapenamanda District,Enga Province,No,,,,,,,,,,,,,,,,,,,,,,,,,,,,,,,,,,,,,,,,
WBC,Wapolu Airport,small_airport,-9.3376,150.5093,45,West Ferguson Rural LLG,Esa'ala District,Milne Bay Province,No,,,,,,,,,,,,,,,,,,,,,,,,,,,,,,,,,,,,,,,,
AYWV,Warasai Airstrip,small_airport,-4.012,142.51,150,Maimai Wanwan LLG,Nuku District,West Sepik (Sandaun) Province,No,,,,,,,,,,,,,,,,,,,,,,,,,,,,,,,,,,,,,,,,
AYWS,Wasu Airport,small_airport,-5.961709449,147.1982253,34,Wasu Rural LLG,Tawae/Siassi District,Morobe Province,No,,,,,,,,,,,,,,,,,,,,,,,,,,,,,,,,,,,,,,,,
WSA,Wasua Airport,small_airport,-8.2836,142.8697,45,Gogodala Rural LLG,Middle Fly District,Western Province,No,,,,,,,,,,,,,,,,,,,,,,,,,,,,,,,,,,,,,,,,
AYZM,Wasum Airport,small_airport,-6.0491,149.337,175,Kandrian Coastal Rural LLG,Kandrian/Gloucester District,West New Britain Province,No,,,,,,,,,,,,,,,,,,,,,,,,,,,,,,,,,,,,,,,,
AYWU,Wau Airport,small_airport,-7.345555556,146.7186111,3600,Wau/Bulolo Urban LLG,Bulolo District,Morobe Province,No,,,,,,,,,,,,,,,,,,,,,,,,,,,,,,,,,,,,,,,,
AYWF,Wawoi Falls Airport,small_airport,-6.9523,142.6557,370,Bamu Rural LLG,Middle Fly District,Western Province,No,,,,,,,,,,,,,,,,,,,,,,,,,,,,,,,,,,,,,,,,
AYXW,Weam Airport,small_airport,-8.6184,141.1381,50,Morehead Rural LLG,South Fly District,Western Province,No,,,,,,,,,,,,,,,,,,,,,,,,,,,,,,,,,,,,,,,,
WED,Wedau Airport,small_airport,-10.0954,150.0826,90,Weraura Rural LLG,Alotau District,Milne Bay Province,No,,,,,,,,,,,,,,,,,,,,,,,,,,,,,,,,,,,,,,,,
AYWK,Wewak International Airport,medium_airport,-3.583830118,143.6690063,19,Wewak Urban LLG,Wewak District,East Sepik Province,No,,,,,,,,,,,,,,,,,,,,,,,,,,,,,,,,,,,,,,,,
PG-WPM,Wipim Airport,small_airport,-8.788220406,142.8820038,173,Oriomo-Bituri Rural LLG,South Fly District,Western Province,No,,,,,,,,,,,,,,,,,,,,,,,,,,,,,,,,,,,,,,,,
AYIX,Witu Airport,small_airport,-4.689522,149.440112,25,Bali/Witu Rural LLG,Talasea District,West New Britain Province,No,,,,,,,,,,,,,,,,,,,,,,,,,,,,,,,,,,,,,,,,
PG-0024,Wobagen Airstrip,small_airport,-5.274722222,142.0341667,6050,Oksapmin Rural LLG,Telefomin District,West Sepik (Sandaun) Province,No,,,,,,,,,,,,,,,,,,,,,,,,,,,,,,,,,,,,,,,,
AYWT,Woitape Airport,small_airport,-8.545833333,147.2525,5200,Woitape Rural LLG,Goilala District,Central Province,No,,,,,,,,,,,,,,,,,,,,,,,,,,,,,,,,,,,,,,,,
AYWO,Wonenara Airport,small_airport,-6.796861111,145.8919444,5028,Yelia Rural LLG,Obura/Wonenara District,Eastern Highlands Province,No,,,,,,,,,,,,,,,,,,,,,,,,,,,,,,,,,,,,,,,,
AYVP,Woposali Airstrip,small_airport,-6.6577,144.2974,2009,Erave Rural LLG,Kagua/Erave District,Southern Highlands Province,No,,,,,,,,,,,,,,,,,,,,,,,,,,,,,,,,,,,,,,,,
AYBX,Wowobo Airstrip,small_airport,-7.3405,144.5477,74,East Kikori Rural LLG,Kikori District,Gulf Province,No,,,,,,,,,,,,,,,,,,,,,,,,,,,,,,,,,,,,,,,,
WUV,Wuvulu Island Airport,small_airport,-1.736111111,142.8366667,16,Aua Wuvulu LLG,Manus District,Manus Province,No,,,,,,,,,,,,,,,,,,,,,,,,,,,,,,,,,,,,,,,,
AYBY,Wuyabo Airstrip,small_airport,-6.8378,145.8732,6400,Yelia Rural LLG,Obura/Wonenara District,Eastern Highlands Province,No,,,,,,,,,,,,,,,,,,,,,,,,,,,,,,,,,,,,,,,,
AYYQ,Yagrombok Airstrip,small_airport,-3.585,142.6285,1509,Dreikikier Rural LLG,Ambunti/Drekikier District,East Sepik Province,No,,,,,,,,,,,,,,,,,,,,,,,,,,,,,,,,,,,,,,,,
AYYE,Yalumet Airport,small_airport,-6.09,147.0117,2600,Deyamos Rural LLG,Kabwum District,Morobe Province,No,,,,,,,,,,,,,,,,,,,,,,,,,,,,,,,,,,,,,,,,
AYYJ,Yanungen Airstrip,small_airport,-3.4574,142.54,1880,Palmai Rural LLG,Nuku District,West Sepik (Sandaun) Province,No,,,,,,,,,,,,,,,,,,,,,,,,,,,,,,,,,,,,,,,,
KPE,Yapsiei Airport,small_airport,-4.628055556,141.0941667,600,Yapsie Rural LLG,Telefomin District,West Sepik (Sandaun) Province,No,,,,,,,,,,,,,,,,,,,,,,,,,,,,,,,,,,,,,,,,
PG-0087,Yassip Airstrip,closed,-3.512,142.702,1630,Dreikikier Rural LLG,Ambunti/Drekikier District,East Sepik Province,No,,,,,,,,,,,,,,,,,,,,,,,,,,,,,,,,,,,,,,,,
AYYR,Yasuru Airport,small_airport,-6.6015,146.1813,1520,Onga/Waffa Rural LLG,Markham District,Morobe Province,No,,,,,,,,,,,,,,,,,,,,,,,,,,,,,,,,,,,,,,,,
AYYD,Yatoam Airstrip,small_airport,-5.0949,142.3846,2060,Lake Kopiago Rural LLG,Koroba/Kopiago District,Hela Province,No,,,,,,,,,,,,,,,,,,,,,,,,,,,,,,,,,,,,,,,,
AYYV,Yawa Airstrip,small_airport,-4.1003,142.1351,120,Ambunti Rural LLG,Ambunti/Drekikier District,East Sepik Province,No,,,,,,,,,,,,,,,,,,,,,,,,,,,,,,,,,,,,,,,,
AYYW,Yawan Airstrip,small_airport,-6.1339,146.8438,4870,Yus Rural LLG,Kabwum District,Morobe Province,No,,,,,,,,,,,,,,,,,,,,,,,,,,,,,,,,,,,,,,,,
AYXY,Yebil Airstrip,small_airport,-3.4625,141.9559,1400,West Wapei Rural LLG,Aitape/Lumi District,West Sepik (Sandaun) Province,Yes,,,,,,,,,,,,,,,,,,,,,,,,,,,,,,,,,,,,,,,,
PGE,Yegepa Airport,small_airport,-7.134444444,146.1563889,4179,Wapi Rural LLG,Menyamya District,Morobe Province,Yes,,,,,,,,,,,,,,,,,,,,,,,,,,,,,,,,,,,,,,,,
PG-0072,Yehebi Airstrip,small_airport,-6.3928,142.2661,335,Nomad Rural LLG,Middle Fly District,Western Province,Yes,,,,,,,,,,,,,,,,,,,,,,,,,,,,,,,,,,,,,,,,
AYYG,Yemin Airstrip,small_airport,-3.967,142.2912,230,Maimai Wanwan LLG,Nuku District,West Sepik (Sandaun) Province,Yes,,,,,,,,,,,,,,,,,,,,,,,,,,,,,,,,,,,,,,,,
YEQ,Yenkis(Yankisa) Airport,small_airport,-5.109722222,143.9176667,3692,Wapi-Yengis Rural LLG,Kompiam District,Enga Province,Yes,,,,,,,,,,,,,,,,,,,,,,,,,,,,,,,,,,,,,,,,
AYXE,Yeva Airport,small_airport,-7.548,146.188,4510,Nanima Kariba LLG,Menyamya District,Morobe Province,Yes,,,,,,,,,,,,,,,,,,,,,,,,,,,,,,,,,,,,,,,,
AYYI,Yili Airstrip,small_airport,-3.5322,142.1645,1500,Yangkok Rural LLG,Nuku District,West Sepik (Sandaun) Province,Yes,,,,,,,,,,,,,,,,,,,,,,,,,,,,,,,,,,,,,,,,
AYZY,Yilui Airstrip,small_airport,-3.9292,142.2045,265,Namea Rural LLG,Telefomin District,West Sepik (Sandaun) Province,Yes,,,,,,,,,,,,,,,,,,,,,,,,,,,,,,,,,,,,,,,,
AYYN,Yimnalem Airstrip,small_airport,-5.1441,144.5956,4800,Simbai Rural LLG,Middle Ramu District,Madang Province,Yes,,,,,,,,,,,,,,,,,,,,,,,,,,,,,,,,,,,,,,,,
PG-0086,Yinugen Airstrip,closed,-3.457,142.54,1860,Palmai Rural LLG,Nuku District,West Sepik (Sandaun) Province,Yes,,,,,,,,,,,,,,,,,,,,,,,,,,,,,,,,,,,,,,,,
AYJE,Yomneri Airstrip,small_airport,-5.237,144.6007,6100,Simbai Rural LLG,Middle Ramu District,Madang Province,Yes,,,,,,,,,,,,,,,,,,,,,,,,,,,,,,,,,,,,,,,,
AYJO,Yongai Airport,small_airport,-8.5289,147.4603,6500,Woitape Rural LLG,Goilala District,Central Province,Yes,,,,,,,,,,,,,,,,,,,,,,,,,,,,,,,,,,,,,,,,
ZEN,Zenag Airport,small_airport,-6.952222222,146.61625,3200,Mumeng Rural LLG,Bulolo District,Morobe Province,Yes,,,,,,,,,,,,,,,,,,,,,,,,,,,,,,,,,,,,,,,,
AYZZ,Zuebak Airstrip,small_airport,-6.3088,146.5568,3560,Wantoat/Leron Rural LLG,Markham District,Morobe Province,Yes,,,,,,,,,,,,,,,,,,,,,,,,,,,,,,,,,,,,,,,,
,Mibu Airport,small_airport,-5.810529,146.372865,,,,Madang Province,Yes,,,,,,,,,,,,,,,,,,,,,,,,,,,,,,,,,,,,,,,,
